id,user,subject,categorie,annotation,created,subject_class,subject_id,title,size,participants,messages,closed,closed_by,closed_by_id,closed_by_organization,closed_by_organization_id
69b7eab43fa598c7ba5ed750,Antoine Lamé,Le calendrier scolaire,Fiabilité,Erreur dans les données fournies,2026-03-16 11:34,Dataset,5889d03ea3a72974cbf0d5b0,Erreur sur les dates des vacances de Pâques 2025-2026 pour la Martinique,2,"69b7e8f3a5888de77bb1e431,587f81e988ee384e209b81a5","Bonjour,  Je souhaite signaler une erreur dans le jeu de données « Le calendrier scolaire » concernant les vacances de Pâques 2025-2026 pour la Martinique.  Dates actuelles dans le jeu de données :   - Début : 2026-03-28 (samedi 28 mars)   - Fin : 2026-04-13 (lundi 13 avril)  Dates attendues (source : service-public.gouv.fr) :   - Début : 2026-04-02 (jeudi 2 avril)   - Fin : 2026-04-20 (lundi 20 avril)  Ces dates officielles sont par ailleurs identiques à celles de la Guadeloupe, qui sont quant à elles correctement renseignées dans le jeu de données. Les dates erronées de la Martinique (28 mars → 13 avril) ne correspondent à aucun calendrier connu, ni métropolitain (zones A, B, C), ni d'un autre DOM.  L'ensemble des autres périodes de vacances de la Martinique (Toussaint, Noël, Carnaval, Été) sont correctes. L'erreur est donc isolée aux seules vacances de Pâques.  Sources de référence :   - https://www.service-public.gouv.fr/particuliers/vosdroits/F31952   - https://www.martinique.gouv.fr/Vous-etes/Particulier#!/Particuliers/page/F31952   - https://www.ac-martinique.fr/le-calendrier-scolaire-121727  Toutes ces sources donnent les dates du jeudi 2 avril au lundi 20 avril 2026 pour les vacances de Pâques.  Serait-il possible de corriger ces dates dans ce jeu de données ?  Cordialement
Bonjour, merci d'avoir signalé cette erreur. Elle est corrigée.",2026-03-16 13:38,stéphane lebrasseur,58781988384209816,Ministères de l'Éducation nationale,534fff8fa3a7292c64a77f22
693d99b3c8dac133df2f55ec,Joël VELON,Le calendrier scolaire,Accessibilité,Absence de données,2025-12-13 16:52,Dataset,5889d03ea3a72974cbf0d5b0,Vacances scolaires 2026 non rensignées pour la Corse et certains DM/TOM  ,2,"587f81e988ee384e209b81a5,693d9648c52a047dcd939575","Bonjour, Les vacances scolaires en format ics ne sont pas renseignées pour 2026, pour la Corse, Saint-Pierre et Miquelon, la Nouvelle Calédonie et Wallis et Futuna. Merci pour votre action Joël Vélon
Bonjour,  les données ont été mises à jour pour la Corse et Saint-Pierre et Miquelon. Les calendriers 2026 de la Nouvelle Calédonie et de Wallis et Futuna n'ont pas encore été publiés. ",2025-12-15 09:51,stéphane lebrasseur,58781988384209816,Ministères de l'Éducation nationale,534fff8fa3a7292c64a77f22
690ccee58da8092179e328e1,Cyrille Berne,Le calendrier scolaire,Exploitabilité,Formatage non respecté,2025-11-06 16:37,Dataset,5889d03ea3a72974cbf0d5b0,Tableau cassé,1,690ccdf9268af89698258a78,"Bonjour ! Sur la page du calendrier scolaire (celle-ci), le tableau est mal présenté. La première ligne, qui devrait être celle du titre (en gras), contient directement ""zone A"" avec le lien dans la colonne de droite. Mais surtout, dans la suite du tableau, cette dernière est vide, et tout se trouve dans la colonne de gauche, sauf pour certains territoires d'outre-mer à la fin.",,,,,
66a600cf1646f328fdfe22a5,Maxence Moricet,Le calendrier scolaire,Fiabilité,Erreur dans les données fournies,2024-07-28 08:26,Dataset,5889d03ea3a72974cbf0d5b0,"Calendrier zone A, B, C, Corse erroné pour vacances hiver Corse 2025",2,"66a5ff6b460cfc377871773d,587f81e988ee384e209b81a5","Bonjour,  Dans le fichier https://fr.ftp.opendatasoft.com/openscol/fr-en-calendrier-scolaire/Zone-A-B-C-Corse.ics, les vacances d'hiver pour la Corse apparaissent à partir du 15/02/25 et finissent le 02/04/25.  Ça devrait se finir au 03/03/25
Bonjour, merci pour votre signalement. Le problème est résolu.",,,,,
66964c94341068ce4d672e09,Alain JUPIN,Le calendrier scolaire,Fiabilité,Incohérence des données,2024-07-16 10:33,Dataset,5889d03ea3a72974cbf0d5b0,"Mauvaise date pour ""Journée vaquée (prérentrée - ) - Corse""",2,"66964b489359d489dd957d76,587f81e988ee384e209b81a5","Bonjour, Dans le fichier https://fr.ftp.opendatasoft.com/openscol/fr-en-calendrier-scolaire/Zone-A-B-C-Corse.ics  se trouve l'entrée ""Journée vaquée (prérentrée - ) - Corse"" qui coure du 8 septembre 2023 au 4 septembre 2024. Cela ne me semble pas cohérent (et je n'ai pas trouvé la date pour 2024 de cette journée vaqué sur le site de l'académie de Corse). 
Bonjour, merci de votre signalement. L'anomalie a été résolue.",,,,,
65c13fe8909ce0c965f5cdf8,Frédéric MATHY,Le calendrier scolaire,Accessibilité,Absence de données,2024-02-05 20:07,Dataset,5889d03ea3a72974cbf0d5b0,Calendrier vacances,2,"65c13f85909ce0c965f5cdf7,587f81e988ee384e209b81a5","Dans le calendrier de la zone disponible à l'adresse suivante : https://fr.ftp.opendatasoft.com/openscol/fr-en-calendrier-scolaire/Zone-A.ics, il manque la date des Vacances d'Été (prérentrée Enseignants ) : 30/08/2020 au 31/08/2020 A voir si cela peut être corrigé car cette absence est source d'erreurs pour certains scripts. Il en est peut-être de même pour les autres zones.
Bonjour, cet événement a été ajouté.",,,,,
658b0feb8495b06deac11c2a,Julien Palard,Le calendrier scolaire,Exploitabilité,Formatage non respecté,2023-12-26 17:39,Dataset,5889d03ea3a72974cbf0d5b0,Fichier invalide,2,"587f81e988ee384e209b81a5,62060a1b19bc63fff4aa373c","Le fichier de la zone C, https://fr.ftp.opendatasoft.com/openscol/fr-en-calendrier-scolaire/Zone-C.ics n'est pas valide.  Dans la section VTIMEZONE>DAYLIGHT il y a deux tzname, ce qui n'est pas autorisé par la RFC (et n'a pas de sens).  Ça ressemble actuellement à ça :  ``` BEGIN:DAYLIGHT DTSTART:19700329T020000 TZNAME:CEST TZOFFSETFROM:+0100 TZOFFSETTO:+0200 RRULE:FREQ=YEARLY;INTERVAL=1;BYMONTH=3;BYDAY=-1SU TZNAME:CET END:DAYLIGHT ``` Est-ce que ça peut être réparé ? 
Bonjour, selon les spécifications de la RFC (https://icalendar.org/iCalendar-RFC-5545/3-6-5-time-zone-component.html), ""One of 'standardc' or 'daylightc' MUST occur and each MAY occur more than once"" dans la section VTIMEZONE. Dans le fichier de la Corse, on trouve les 2 sections standardc et daylightc une seule fois chacuns, ce qui est autorisé. Chaque section contient le bloc tzprop qui peut contenir les éléments optionnels suivants : ""The following are OPTIONAL and MAY occur more than once  comment / rdate / tzname / x-prop / iana-prop"". Il est donc autorisé de faire figurer l'attribut tzname 0, 1 ou N fois (ici une fois seulement par section standardc ou daylightc). Le fichier est donc valide, ce qui est confirmé par l'outil ""iCalendar Validator"" : https://icalendar.org/validator.html?url=https://fr.ftp.opendatasoft.com/openscol/fr-en-calendrier-scolaire/Zone-C.ics",,,,,
657adb17f07becb0d5f811b3,Kaya ozer,Le calendrier scolaire,Accessibilité,Lien mort,2023-12-14 10:38,Dataset,5889d03ea3a72974cbf0d5b0,Lien Calendrien Scolaire zone B ,4,"657b1ff38d8f2ea2af6919bd,657ad7377edc5a0a209a068f","Bonjour,   Je constate que le lien du calendrier scolaire de la zone B ne fonctionne pas sur Google Calendar. Aucun soucis pour le A/B/C , le A et le C.  merci de corriger le problème.   Cordialement
Même problème pour moi  J'ai bien ajouté dans mon Google Calendar les zones A et C, pour la B j'obtiens ""Impossible d'ajouter cet agenda. Réessayez dans quelques minutes"" Lien utilisé : https://fr.ftp.opendatasoft.com/openscol/fr-en-calendrier-scolaire/Zone-B.ics  J'ai pu téléchargé le fichier en local.
J'ai utilisé l'URL stable et ça a fonctionné  https://www.data.gouv.fr/fr/datasets/le-calendrier-scolaire/#/resources/c03b7373-6698-4e44-b5f1-9408b4b2cfe8
Je confirme il faut utiliser le lien fourni dans la rubrique fichier (https://www.data.gouv.fr/fr/datasets/r/c03b7373-6698-4e44-b5f1-9408b4b2cfe8 ) et non celle du descriptif (https://fr.ftp.opendatasoft.com/openscol/fr-en-calendrier-scolaire/Zone-B.ics)  Merci",,,,,
652e99d3f0a0f37285024e50,Jacques DUBOIS,Le calendrier scolaire,Exploitabilité,Formatage non respecté,2023-10-17 14:27,Dataset,5889d03ea3a72974cbf0d5b0,horaires de début et fin de vacances,2,"587f81e988ee384e209b81a5,6501a3a4d4e502c5b85862a2","Bonjour, Les dates que vous proposez pour les début (et fin) de vacances scolaires contiennent des horaires 22h00 ou 23h00 ... Cela peut poser problème quand on fait une vue mensuelle en faisant démarrer les vacances avec une journée d'avance. Serait-il possible d'utiliser systématiquement un horaire à 00h00 pour qu'il n'y ait pas d'ambigüité, s'il vous plaît ? Merci d'avance, cordialement, jacques
Bonjour, les horaires 22h/23h étaient des heures UTC, qui correspondaient à minuit heure de Paris (heure d'hiver ou d'été). Les événements ne contiennent désormais plus d'heure, seulement une date.",,,,,
65291e516a3c8b2e83954002,Jacques DUBOIS,Le calendrier scolaire,Exploitabilité,Formatage non respecté,2023-10-13 10:39,Dataset,5889d03ea3a72974cbf0d5b0,heures et fuseaux horaires,2,"587f81e988ee384e209b81a5,6501a3a4d4e502c5b85862a2","Bonjour, Serait-il possible d'intégrer le fuseau horaire de référence (X-WR-TIMEZONE) dans les différents fichiers que vous proposez afin de faciliter l'exploitation et l'interopérabilité des données ? De plus, pourquoi précisez-vous des horaires autres que T000000 ? Cordialement
Bonjour, les calendriers disposent désormais de l'attribut X-WR-TIMEZONE et les événements ne contiennent plus d'heure, seulement une date.",,,,,
651067340f8b75ebbb742740,Patrick PRÉVEAUX,Le calendrier scolaire,Accessibilité,Absence de données,2023-09-24 16:43,Dataset,5889d03ea3a72974cbf0d5b0,callendrier scolaire 2023-2024 et autres,2,"587f81e988ee384e209b81a5,5ef235e1b58ad098611bf14b","Bonjour,  Serait-il possible d'avoir un fichier d'export .ics complet pour les vacances scolaires 2023-2024 pour chaque zone, s'il vous plaît ?  Le fichier téléchargé ne pèse que 17 ko et n'affiche que les vacances de la Toussaint.  Merci d'avance. 
Bonjour, à ce jour l'import du calendrier https://fr.ftp.opendatasoft.com/openscol/fr-en-calendrier-scolaire/Zone-A-B-C-Corse.ics dans Thunderbird fait apparaître tous les congés de l'année.",,,,,
6501a540e1038c7bf0e58ea8,Jacques DUBOIS,Le calendrier scolaire,Accessibilité,Demande de jeu de données (set),2023-09-13 12:04,Dataset,5889d03ea3a72974cbf0d5b0,fichier ics spécifique des vacances de la Corse,3,"587f81e988ee384e209b81a5,6501a3a4d4e502c5b85862a2","Bonjour, Serait-il possible d'avoir un fichier d'export ics spécifique pour les vacances de la Corse, s'il vous plaît ? C'est la seule académie qui n'en ait pas ... Merci d'avance. 
Bonjour, le calendrier de la Corse est accessible à l'adresse https://fr.ftp.opendatasoft.com/openscol/fr-en-calendrier-scolaire/Corse.ics
Bonjour, et merci pour votre retour. J'ai effectivement vu ce lien après coup. Il serait facilitant que ce calendrier soit répertorié dans la liste des fichiers avec tous les autres. ",,,,,
64ef0a8a161b27c7631d250c,M S,Le calendrier scolaire,Accessibilité,Absence de données,2023-08-30 09:23,Dataset,5889d03ea3a72974cbf0d5b0,Vacances des Outre-Mer manquantes pour l'année 2023-2024,1,64eefad8797e52cadb7d78f8,"Bonjour,  Je vous écris ce message car le jeu de données actuel n'inclut pas les dates des vacances scolaires des zones d'Outre-Mer suivantes:  - Guadeloupe  - Martinique - Guyane  - et Mayotte   et ce à partir de l'année scolaire 2023-2024.  Les dates ayant déjà été publiées sur le site internet du Service Public (https://www.service-public.fr/particuliers/vosdroits/F31952), serait-il possible s'il vous plaît de les mettre à jour sur le jeu de données ?  En vous remerciant d'avance et en vous souhaitant une bonne journée.",,,,,
64e84f5d776ed6c944c898a1,Alexandre Coulais,Le calendrier scolaire,Accessibilité,Lien mort,2023-08-25 06:51,Dataset,5889d03ea3a72974cbf0d5b0,Impossible d'ajouter le calendrier de la Zone B,3,"64e84e062f67c88dff990268,650bda7ebe10e199e0393e43,587f81e988ee384e209b81a5","Bonjour,  J'obtiens un message d'erreur lors de l'ajout du calendrier de la Zone B : ""impossible d'ajouter cet agenda réessayer dans quelques minutes"".  Pouvez-vous voir pourquoi?  J'ai essayer tous les autres liens (le général, Zone A, Zone C et Corse) et eux fonctionnent parfaitement.  Merci bonne journée.
Bonjour, Idem pour moi. S'agissant d'OpenData, je cherche encore à savoir comment on pourrait contribuer à solutionner le pb. Mais jusque-là sans succès.
Bonjour, aujourd'hui le lien est fonctionnel et le calendrier valide : https://icalendar.org/validator.html?url=https://fr.ftp.opendatasoft.com/openscol/fr-en-calendrier-scolaire/Zone-B.ics",,,,,
64d4a2fd7554f0e8bd3dc66f,f B,Le calendrier scolaire,Accessibilité,Absence de données,2023-08-10 08:42,Dataset,5889d03ea3a72974cbf0d5b0,calendrier Ics vacances scolaires academie reunion 2023-24,2,"587f81e988ee384e209b81a5,64d49fd89c4d45980a214617","Bonjour, le fichier ics vacances scolaire academie la reunion 23-24 ne semble pas disponible? Où peut-on le trouver. Merci
Bonjour, le calendrier scolaire a été mis à jour pour l'académie de la Réunion. Un export au format ics est disponible à cette adresse : https://data.education.gouv.fr/api/explore/v2.1/catalog/datasets/fr-en-calendrier-scolaire/exports/ical?refine=location%3A%22R%C3%A9union%22&refine=annee_scolaire%3A%222023-2024%22&timezone=Europe%2FParis",,,,,
69b040c5f79b41e1642eb7f9,Guillaume Gasnier,Indices de position sociale des collèges (à partir de 2023),Actualisation,Absence de mise à jour,2026-03-10 16:03,Dataset,664d7247ce9d483d0ee5a98b,Données rentrée 2025,2,"5fc6412720b3858e6657c31b,587f81e988ee384e209b81a5","Bonjour, ce jeu de données sera-t-il mis à jour avec les données de la rentrée 2025 ? SI oui quand ?
Bonjour, oui ces données seront mises à jour mais j'ignore quand.",2026-03-10 16:08,stéphane lebrasseur,58781988384209816,,
6984dc5b69ad289dcaf893f7,Philippe Litou,Annuaire de l'éducation,Fiabilité,Incohérence des données,2026-02-05 18:07,Dataset,5889d03fa3a72974cbf0d5b1,Lycée Galilée de Combs la Ville (77380) mal positionné,2,"587f81e988ee384e209b81a5,6984d8e7e3d5cc823abc0253","Le fichier https://www.data.gouv.fr/datasets/annuaire-de-leducation?resource_id=b22f04bf-64a8-495d-b8bb-d84dbc4c7983 (fr-en-annuaire-education.csv) donne une position erronée du Lycée Galilée de Combs la ville (77380), identifiant 0772127U. Les colonnes latitude et longitude valent respectivement 48.652191439656086 et  2.56174477575254, position située rue Berthelot de la même ville. L'adresse spécifiée est la bonne (avenue Malraux) mais les coordonnées (entrée du bâtiment) sont plutôt proches de :  longitude = 2,5588 latitude = 48,6577 
Bonjour, la valeur du champ ""precision_localisation"" est ""rue"", ce qui indique que l'établissement a été positionné sur la rue par l'IGN. Comme vous le faites remarquer, la position de la rues est correcte.",2026-02-06 08:08,stéphane lebrasseur,58781988384209816,Ministères de l'Éducation nationale,534fff8fa3a7292c64a77f22
6934570ac5f9499a72e1a3bc,Neila Lu,Annuaire de l'éducation,Accessibilité,Absence de données,2025-12-06 16:17,Dataset,5889d03fa3a72974cbf0d5b1,Manque nombre d'élèves,2,"587f81e988ee384e209b81a5,6932fb1992adb9f6d599323e","Bonjour, Dans la dernière mise à jour, la variable nombre_d_eleves ne contient plus de valeurs. Est-ce volontaire ou s'agit-il d'un oubli ? Merci
Bonjour,  le service producteur des données a décidé de ne plus maintenir ce champ. D'une part, les données sont disponibles dans d'autres jeux ouvert, et d'autre part les décalages de date de mise à jour entre les différents types d'établissements rendait cette donnée difficilement lisible.",2025-12-15 10:33,stéphane lebrasseur,58781988384209816,Ministères de l'Éducation nationale,534fff8fa3a7292c64a77f22
68c139c999224f4bbe05bee5,henri labarre,Annuaire de l'éducation,Accessibilité,Absence de données,2025-09-10 08:41,Dataset,5889d03fa3a72974cbf0d5b1,Manque nombre d'élèves,1,56a2069cc751df617bade716,Bonjour dans la dernière mise à jour il n'y a plus le nombre_d_eleves est ce volontaire ou un oubli?   merci pour le retour,,,,,
6811f0e945b196ccd6836cbe,Guillaume Gasnier,Annuaire de l'éducation,Compréhension,Absence de description des variables,2025-04-30 09:44,Dataset,5889d03fa3a72974cbf0d5b1,code_nature et libelle_nature : liste complète de ces codes,2,"5fc6412720b3858e6657c31b,587f81e988ee384e209b81a5","Bonjour,  Les données code_nature/libelle_nature sont très intéressantes et permettent de faire une classification très précise, mais je ne trouve pas d'informations à leur sujet (règles,liste complètes, etc..). Savez si il existe un tel schéma quelque part ?  Merci
Bonjour,  la nomenclature des natures d'établissements est disponible dans la base centrale des nomenclatures de la DEPP : https://bcn.depp.education.fr/bcn/workspace/viewTable/n/N_NATURE_UAI",,,,,
66f593b691bcb9df470ac70a,Patrick Lambret,Annuaire de l'éducation,Accessibilité,Absence de données,2024-09-26 17:02,Dataset,5889d03fa3a72974cbf0d5b1,UAI introuvable dans la base,2,"587f81e988ee384e209b81a5,6233030cbc26e55d984d32f1","Bonjour,   dans le cadre du plan école, nous essayons de lier les données de demande de subvention Fonds vert pour la rénovation énergétique des bâtiments publiques aux établissement scolaires concernés via un champ de type ""Annuaire de l'éducation"" dans un formulaire Démarches Simplifiées (qui s'appuie sur cette API il me semble).  Problème, l'UAI 0880776R de l'école maternelle située au 34 place Henri Thomas 88700 ANGLEMEONT semble introuvable dans la base, pourtant on le retrouve bien dans cette base de données (dont la source semble être l'annuaire de l'éducation) : https://explore.data.gouv.fr/fr/datasets/5889d03fa3a72974cbf0d5b1/?Identifiant_de_l_etablissement__contains=0880776R#/resources/85aefd85-3025-400f-90ff-ccfd17ca588e   Y a t-il une explication quand à cette différence entre les 2 bases ?  Merci d'avance !
Bonjour, cette école est fermée. Le lien https://explore.data.gouv.fr/fr/datasets/5889d03fa3a72974cbf0d5b1/?Identifiant_de_l_etablissement__contains=0880776R#/resources/85aefd85-3025-400f-90ff-ccfd17ca588e  utilise des données ""Annuaire de l'éducation, photo du 12 septembre 2019"" comme indiqué dans sa description. L'école figure dans le jeu de données ""Établissements fermés"" : https://data.education.gouv.fr/explore/dataset/fr-en-etablissements-fermes/table/?q=0880776R",,,,,
693849bf640f44c8af01f905,Cha Vincent,Organisation du temps scolaire,Actualisation,Erreur d'actualisation,2025-12-09 16:09,Dataset,5889d042a3a72974cbf0d5b9,Date de mise à jour,1,582d8d5388ee385920c65bb4,"Bonjour, Les données viennent d'être mises à jour et portant ce sont toujours celles de 2020-2021. Dans l'attente de données plus récentes. Cordialement CV",,,,,
693041df566fe055418448b7,Francis Chabouis,Adresse et géolocalisation des établissements d'enseignement des premier et second degrés,Autre,Proposition de mots-clefs,2025-12-03 13:57,Dataset,5889d042a3a72974cbf0d5b8,Ajout du tag RNB au jeu de données,2,"587f81e988ee384e209b81a5,5e60d6668b4c410c429b8a4a","Bonjour, Le jeu contenant des ID-RNB, est-il possible de le tagger avec le tag RNB ? Cela permettra de l'identifier comme contenant cette information. https://www.data.gouv.fr/datasets/search/?q=RNB&tag=rnb Cordialement, Francis Chabouis (équipe RNB)
Bonjour, le tag a été ajouté.",2025-12-15 10:36,stéphane lebrasseur,58781988384209816,Ministères de l'Éducation nationale,534fff8fa3a7292c64a77f22
666af789e8211ad697658ab7,Bernard Domenge,Adresse et géolocalisation des établissements d'enseignement des premier et second degrés,Accessibilité,Demande de jeu de données (set),2024-06-13 13:43,Dataset,5889d042a3a72974cbf0d5b8,Etablissements français à l'étranger,2,"587f81e988ee384e209b81a5,666af6382087d27cc01067f2","Bonjour, Cette base est très pratique, nous aimerions avoir la même pour les établissements français à l'étranger ? Existe-t-il une telle base ? Merci d'avance pour votre réponse,
Bonjour, le jeu de données se limite aux établissements situés en France. Il n'existe pas d'équivalent pour les établissements situés à l'étranger.",,,,,
65dc693715da9141317f03d1,Vincent Fabry,Adresse et géolocalisation des établissements d'enseignement des premier et second degrés,Fiabilité,Erreur dans les données fournies,2024-02-26 10:34,Dataset,5889d042a3a72974cbf0d5b8,Mauvaise géolocalisation d'un établissement,1,5bbdca348b4c4138867380a6,"Bonjour, L'établissement 0595227L est mal géolocalisé : il est localisé près de Bordeaux alors qu'il devrait être près de Lille. VF - Géo2France",,,,,
6411fc88878da51124a47e64,Vincent Leblond,Adresse et géolocalisation des établissements d'enseignement des premier et second degrés,Actualisation,Erreur d'actualisation,2023-03-15 18:12,Dataset,5889d042a3a72974cbf0d5b8,Mise à jour incomplète,2,"587f81e988ee384e209b81a5,63a2fcea9f004e700e740aa2","Bonjour, Dans ce nouveau fichier, il manque de très nombreux établissements. Je n'en dénombre qu'un seul à Nantes ! Pourriez vous faire remonter le problème au fournisseur des données ? En vous remerciant.
Bonjour,  il y a eu un dysfonctionnement sur l'alimentation des données ouvertes sur les établissements. Il est résolu.",,,,,
6817f8562851af002e1cd711,Antonin Nouvian,Indices de position sociale des lycées (à partir de 2023),Fiabilité,Incohérence des données,2025-05-04 23:29,Dataset,664d720768d6ab64e06740f0,Code région inccorect,2,"587f81e988ee384e209b81a5,6817f48d7b2caddd034bedda","J'ai l'impression que les codes associés région fourni ne correspondent pas au code région au sens du COG (https://www.data.gouv.fr/fr/datasets/code-officiel-geographique-cog/) Si c'est un autre codage des régions, il faudrait le préciser, c'est ambigu.
Bonjour, comme indiqué dans la description, il s'agit de région académique, aucune ambiguïté : https://bcn.depp.education.fr/bcn/workspace/viewTable/n/N_REGION_ACADEMIQUE",,,,,
672c885d4c1b54adc1cb9ffe,renaud moulin,Effectifs dans les enseignements de spécialités en Terminale générale,Fiabilité,Erreur dans les données fournies,2024-11-07 09:29,Dataset,60b06b083b105868f56ca196,Véracité des chiffres,4,"672c86efb9a7cca60ca640c5,587f81e988ee384e209b81a5","Bonjour, Vice-président de l'association ""Sciences on stage"", je souhaitais m'appuyer sur les chiffres de ce tableau pour lever des fonds privés pour notre association qui a pour but, entre autre de développer l’intérêt des jeunes pour les sciences. Or je m'aperçois que les données sont fausses : 1er exemple : le nombre de filles et garçons additionnés ne correspond pas au nombre total d'élèves ; 2ème exemple : les chiffres de mon lycée ne sont pas justes ; 3ème exemple : les chiffres de la doublette Mathématique+NSI au lycée d'Amboise sont faux. La science ne peut pas supporter l'à peu près. Sinon elle n'est pas crédible.
Bonjour, j'ai vérifié les données mises à disposition : pour chaque établissement, la valeur du champ ""Effectif total"" est bien la somme des valeurs de ""Effectif total filles"" et de ""Effectif total garçons"".
la somme garçons + filles, c'est au niveau national qu'elle n'est pas juste
Le nombre d'élèves dans les spécialités dans mon lycée St Denis Loches (37600) se sont pas justes",,,,,
66fc3cd9a9ad275e9f0e9368,G CH,Carte scolaire des collèges publics,Accessibilité,Absence de données,2024-10-01 18:18,Dataset,60e678fececb26f4352c4f6a,Académie de Strasbourg,2,"66fc3c72731fe579d5ca7246,587f81e988ee384e209b81a5","Bonjour, les données concernant le nouveau collège de Kembs ne figurent pas dans le document.
Bonjour, ce jeu de données carte scolaire couvre les collèges publics, celui de Kembs est privé.",,,,,
6513f7f2f3b616f2821c9a0d,CIO Vienne,Carte scolaire des collèges publics,Accessibilité,Absence de données,2023-09-27 09:37,Dataset,60e678fececb26f4352c4f6a,Académie de Lyon,2,"587f81e988ee384e209b81a5,6513f6de9713284a5aaf6f23","Bonjour. Les données pour les collèges de la Loire (42) ne figurent pas dans le fichier. Cordialement.
Bonjour, il s'agissait d'un dysfonctionnement. Il a été résolu.",,,,,
64186fe38b432a2236b084f5,DELETED DELETED,Carte scolaire des collèges publics,Accessibilité,Absence de données,2023-03-20 15:38,Dataset,60e678fececb26f4352c4f6a,Val de Marne (94),1,64186df29db42c78933ca133,"Bonjour, Les données du Val-de-Marne (94) ne semblent pas être disponibles (alors qu'il n'est pas cité dans les départements n'ayant pas encore intégré leurs données dans l'application Affelnet 6e). Cordialement, LLF",,,,,
640068510489b6982a770fb2,Anne GASPARD,Carte scolaire des collèges publics,Accessibilité,Absence de données,2023-03-02 10:11,Dataset,60e678fececb26f4352c4f6a,Académie de Normandie,3,"587f81e988ee384e209b81a5,5e2815c4634f4160e600c860","Bonjour, Les données des Départements de l'Eure et de la Seine-Maritime ne figurent pas dans le fichier. S'agit-il d'une erreur ? Cordialement, AG
Bonjour, il s'agissait d'une anomalie. Elle a été corrigée.
Merci",,,,,
63dd12e3137377667601aaaa,DELETED DELETED,Carte scolaire des collèges publics,Accessibilité,Absence de données,2023-02-03 14:57,Dataset,60e678fececb26f4352c4f6a,Académie Aix Marseille,3,"63dd11ffb7de16ece2f67a8b,587f81e988ee384e209b81a5","Bonjour,  Les données de l'Académie Aix-Marseille sont visiblement manquantes. S'agit-il d'une anomalie ou d'une non transmission des données ?  Merci d'avance de votre réponse  CF 
Bonjour, il s'agissait d'une anomalie, elle a été corrigée.
Merci beaucoup !",,,,,
63bfeb6c99146b7aa4c39399,Jérôme Desboeufs,Carte scolaire des collèges publics,Accessibilité,Absence de données,2023-01-12 12:13,Dataset,60e678fececb26f4352c4f6a,Académie de Metz-Nancy manquante,3,"534fff42a3a7292c64a777c6,587f81e988ee384e209b81a5","Bonjour, Contrairement à ce qu'indique la description tous les collèges de l'académie de Metz-Nancy sont aussi manquants.
Bonjour, il s'agissait d'une anomalie. Elle a été résolue.
Merci !",,,,,
667ad1d5627ae3a44b4bb66c,Calice NGANGUE,Établissements fermés,Compréhension,Absence de description des variables,2024-06-25 14:19,Dataset,5cf8918906e3e7403dc3efe7,description des données,3,"667ad02bc80d2befa865e8c1,587f81e988ee384e209b81a5","Bonjour  J'aimerai savoir c'est quoi le ""code_academie"" et à quoi es ce qu'il renvoie, de même que ""nature_uai"" qu'es ce que ça signifie? pareil pour ""ulis"", ""greta"". lorsque vous mettez false par exemple sur ""restauration"" es ce pour dire que cet établissement ne proposais pas de repas au déjeuner?  Merci d'avance pour votre réponse.
Bonjour, le modèle de données se trouve dans le jeu de données original, à l'onglet ""Informations"", chapitre ""Modèle de données"" : https://data.education.gouv.fr/explore/dataset/fr-en-etablissements-fermes/information/ code_academie est le code de l'académie nature_uai est le code nature de l'établissement. Il s'agit d'une classification des établissements de l'Éducation Nationale accessible à l'adresse http://infocentre.pleiade.education.fr/bcn/workspace/viewTable/n/N_NATURE_UAI Les ULIS (unités localisées pour l'inclusion scolaire) sont des dispositifs qui permettent la scolarisation d'élèves en situation de handicap (https://eduscol.education.fr/1164/enseigner-avec-l-appui-d-une-unite-localisee-pour-l-inclusion-scolaire-ulis) Les GRETA sont des groupements d'établissements - lycées et collèges publics - qui mutualisent leurs ressources et leurs compétences pour former des adultes et des jeunes en apprentissage (https://eduscol.education.fr/1480/l-essentiel-sur-le-reseau-des-greta). La valeur ""false"" pour restauration signifie que l'établissement proposait une offre de restauration, la base de données source ne donne pas de détail sur cette offre.
Merci pour votre réponse",,,,,
660e81184f3e97ad0fb17437,Samuel Krempp,Indicateurs de valeur ajoutée des lycées d'enseignement général et technologique (ancien),Compréhension,Descriptions imprécises,2024-04-04 10:29,Dataset,5889d042a3a72974c1f0d607,Effectifs séries technologiques,2,"660e8026a61bb1547766f7b6,587f81e988ee384e209b81a5","Bonjour Je ne vois pas quel(s) champs donnent le nombre d'élèves en séries technologiques, seulement l'effectif combiné général + technologique. Est-ce présent, ou dans un autre dataset ?
Bonjour, les effectifs détaillés dans les lycées généraux et technologiques se trouvent dans ce jeu de données : Effectifs d’élèves en lycée d'enseignement général et technologique  (https://www.data.gouv.fr/fr/datasets/effectifs-deleves-par-niveau-sexe-langues-vivantes-1-et-2-les-plus-frequentes-par-lycee-denseignement-general-et-technologique-date-dobservation-au-debut-du-mois-doctobre-chaque-annee/)",,,,,
6481c63c6e82dd4ae630cb1a,Pauline Heurtebise,Liste des diplômes professionnels de l’éducation nationale,Accessibilité,Demande de jeu de données (set),2023-06-08 12:14,Dataset,60d1607492696e4f00f9ae1c,Nomenclatures scolarisation de l'école élémentaire au lycée ,2,"587f81e988ee384e209b81a5,6481c526a407db6694eb9fcc","Bonjour,  Pourriez - vous nous aider à trouver les nomenclatures de référence de la scolarisation de l'école élémentaire au lycée en parcours classique, s'il vous plaît ?  Merci de votre aide. 
Bonjour, il n'y a pas de nomenclature ouverte en opendata qui corresponde à votre description, j'ai d'ailleurs du mal à comprendre précisément la nature des données dont vous souhaiteriez disposer. Le formulaire suivant vous permettra de réaliser une demande de données personnalisée à la direction de l’évaluation, de la prospective et de la performance : https://www.education.gouv.fr/contactez-nous-41633/category/demande-d-informations-statistiques",,,,,
647deb6c4e644a350d11c2e3,Mickaël Andrieu,Indices de position sociale dans les lycées (2022),Compréhension,Descriptions imprécises,2023-06-05 14:04,Dataset,64265b673eb38d94e6538672,Méthode de calcul des écart types,2,"587f81e988ee384e209b81a5,5f8f3b32ced4ad32379e5fa1","Bonjour, je ne comprends pas comment sont calculés les écart-types dans ce jeu de données même quand on observe que les IPS voie pro/gt sont présents, l'écart type entre les 2 ne correspond pas aux valeurs soumises. Cela ne correspond pas non plus à la valeur de l'écart type entre ces IPS et l'IPS ""moyen"" (qui n'est pas non plus la moyenne entre les 2 IPS apparemment).  J'essaie d'imputer les valeurs manquantes, et donc un peu de documentation sur la méthode m'aiderait beaucoup 🙏.  Cordialement,
Bonjour,  ""Le fichier fournit [...] ainsi que l’écart-type des IPS de ses élèves"". L'écart-type est calculé sur l'IPS de chaque élève, qui n'est pas disponible publiquement car il s'agit d'une donnée à caractère personnel. Il est donc impossible de reconstituer les indicateurs à partir des valeurs disponibles.",,,,,
643f87a11ceede8e19af3d88,ADRA BEMMANSOUR,Indices de position sociale des écoles (2016-2021),Accessibilité,Demande de jeu de données (set),2023-04-19 08:18,Dataset,63478da8b4c219a0cf8c0d3a,IPS établissements de l'AUDE,3,"587f81e988ee384e209b81a5,643f7e42178f6c5fe0c7fe47","Ou trouver l'IPS des collèges de l'AUDE (carcassonne, Narbonne, Sigean, Port la nouvelle, Coursan....)?? Je vous remercie d'avance de votre réponse Dr BEMMANSOUR
Bonjour, un jeu de données spécifique couvre les collèges : https://data.education.gouv.fr/explore/dataset/fr-en-ips_colleges/
merci pour la réponse",,,,,
641c19afe1a465367f1f7c8e,Jérémy Garniaux,Indices de position sociale des écoles (2016-2021),Fiabilité,Erreur dans les données fournies,2023-03-23 10:19,Dataset,63478da8b4c219a0cf8c0d3a,Signalements d'erreurs d'IPS,3,60decc3cba89433ce1fcf954,"Bonjour,  Merci pour cette publication. Plusieurs retours d'erreurs ou d'absence d'IPS: - L'école primaire un deux trois soleil de de Saint-Jean-des-Champs (0501688N) présente un IPS de 50493 et la valeur du champ ""secteur"" est ""SOLEIL"" - Les établissements aux UAI suivants: 0932698C, 0501820G, 0501438S, 0560620V, 0110147A, 0442524E, 0341256F, 0240179P, 0572568G, et 0221430K ne présentent pas de valeur dans le champ ""IPS"". Merci pour votre retour!
Ajout: Ces 10 établissements présentent aussi des valeurs erronées dans le champ ""secteur"".
Je me réponds tout seul: c'est bon, problème identifié :) Le séparateur dans le CSV étant la virgule, les données sont corrompues quand il y a des virgules à l'intérieur d'un des champs. C'est le cas avec l'école ""1, 2, 3, soleil"". Je vous suggérerais de choisir un autre séparateur pour éviter d'avoir à corriger manuellement les quelques lignes concernées. Merci et bonne journée,  Jérémy",,,,,
6406eedc86a4529ff2dfe50f,DELETED DELETED,Indices de position sociale des écoles (2016-2021),Compréhension,Descriptions imprécises,2023-03-07 08:59,Dataset,63478da8b4c219a0cf8c0d3a,Différences version 1 et 2 ,2,"6406ee69283eb090e057b83a,587f81e988ee384e209b81a5","Bonjour, Pourquoi ne retrouve-t-on pas le même nombre d'écoles que dans la version 1? Il y a des écoles qui apparaissaient dans la V1 qui n'apparaissent pas dans la V2. Merci. 
Bonjour,  le descriptif du nouveau jeu de données mentionne que ""les IPS sont fournis uniquement pour les écoles ayant eu au moins 25 élèves de CM2 sur les cinq dernières années"" et que ""un premier fichier sur l’IPS des écoles a été déposé le 05/10/2022. Il présentait l’IPS des écoles ayant eu plus de 5 élèves de CM2 sur les cinq dernières années"". ",,,,,
6404640e1bb48b529aef72ee,DELETED DELETED,Indices de position sociale des écoles (2016-2021),Accessibilité,Absence de données,2023-03-05 10:42,Dataset,63478da8b4c219a0cf8c0d3a,Enseignement agricole,1,6404635e13e29a6ce6b1182f,"Bonjour, les lycées agricoles publics ne figurent pas dans cette carte. Comment le comprendre ? MERCI ",,,,,
63d544ba343e9016174467a3,DELETED DELETED,Indices de position sociale des écoles (2016-2021),Accessibilité,Demande de jeu de données (set),2023-01-28 16:52,Dataset,63478da8b4c219a0cf8c0d3a,lycées AEFE,2,"587f81e988ee384e209b81a5,63d5444be83db250a04f9c93","existe-t-il un jeu de données contenant les IPS de lycées accrédités par l'AEFE?
Bonjour, les jeux de données ouverts actuels couvrent les lycées de France métropolitaine et DROM, publics et privés sous contrat. Les lycées accrédités par l'AEFE n'en font donc pas partie.",,,,,
642c2f8088770c0e65cf3e42,Jeroen Schouten,Indices de position sociale des lycées (2016-2021),Exploitabilité,Formatage non respecté,2023-04-04 16:09,Dataset,63bce30c70d6d100b09dde9a,Code INSEE en entier,2,"62501f5d33e83c3cfafbde21,587f81e988ee384e209b81a5","Bonjour,  Il me semble que les codes INSEE commune ainsi que les codes départementaux ont été fournis dans ce fichier en tant que nombre entier.  Ainsi les éventuels '0' au début des codes ont été perdus. Pourriez-vous mettre à disposition un fichier avec les codes INSEE complets (en string) pour faciliter le retraitement des données ? Merci !
Bonjour, un '0' a été ajouté pour uniformiser les longueurs des codes département et commune.",,,,,