dataset_id;title;domain_id;modified;publisher;license;keyword;theme;Reuse count;API call count;Download count;Attachments download count;File fields download count;Popularity score;records_count;records_size;security;visibility;federated
donnees-ips-erea;dataviz4;dataeducation;2010-01-01;DEPP – Ministère en charge de l’éducation nationale;Licence Ouverte v2.0 (Etalab);hors catalogue;;0;348;373;0;0;1.6;706;183425;;domain;False
donnees-ips-ecoles;dataviz3;dataeducation;2010-01-01;DEPP – Ministère en charge de l’éducation nationale;Licence Ouverte v2.0 (Etalab);hors catalogue;;0;190550;1004;0;0;15.8;279318;77729537;;domain;False
donnees-ips-lycees;dataviz1;dataeducation;2010-01-01;DEPP – Ministère en charge de l’éducation nationale;Licence Ouverte v2.0 (Etalab);hors catalogue;;0;21117;464;0;0;5.8;32618;7855115;;domain;False
fr-en-effectifs-second-degre;Effectifs d'élèves des établissements du second degré public et privé sous tutelle du ministère en charge de l'éducation nationale - Obsolète;dataeducation;2016-12-02;DEPP – Ministère en charge de l’éducation nationale;Licence Ouverte v2.0 (Etalab);démographie scolaire,effectifs,élèves,second degré,obsolète,hors catalogue;Elèves, étudiants, et apprentis;0;4231261;26955;0;0;75.1;57130;10449400;;domain;False
fr-en-origine-scolaire-etudiants-cpge;Origine scolaire des étudiants entrant en première année de CPGE;dataeducation;2018-03-23;DNE - Ministère de l'Education Nationale;Licence Ouverte v2.0 (Etalab);EPLE,post-bac,lycée;Elèves, étudiants, et apprentis,Parcours et insertion professionnelle;0;35733;5723;0;0;10.2;36;2273;;domain;False
fr-en-reseau-education-prioritaire-colleges;Réseau d'éducation prioritaire des collèges;dataeducation;2018-10-01;Ministère de l'Éducation nationale;Licence Ouverte v2.0 (Etalab);;Politique éducative (dont éducation prioritaire);0;116183;8092;0;0;15.8;5610;1282423;;domain;False
apb-voeux-de-poursuite-detude-et-admissions;APB Voeux de poursuite d'étude et admissions;dataeducation;2019-02-08;Ministère de l'Enseignement supérieur, de la Recherche et de l'Innovation > Sous-direction des Systèmes d'information et études statistiques;Licence Ouverte v2.0 (Etalab);éducation,orientation,enseignement supérieur,étudiants,APB,formations,formation,STS,CPGE,DUT,licence,UAI,boursiers,boursier,endo-recrutement,rang,admis,admissibles,places,voeux,demande,offre,établissement,établissements,PACES,capacité,propositions,proposition,vœu,vœux,voeu,BTS,école de commerce,CPGE intégrée à l'université,DEUST,DCG;Enseignements (dont formation, spécialité, langue, sport),Parcours et insertion professionnelle;0;52947;6581;1900;0;11.8;17753;6177868;;domain;True
fr-en-iva-classe-sortie;IVA situation en fonction de la classe de sortie – Enquête cessée depuis 2020;dataeducation;2020-07-02;DEPP – Ministère en charge de l’éducation nationale;Licence Ouverte v2.0 (Etalab);établissements,insertion,formation professionnelle,élèves,lycéens,lycée professionnel;Etablissements (dont IPS);0;27629;6010;0;0;9.5;72;5655;;domain;False
fr-en-ipa-classe-sortie;IPA situation en fonction de la classe de sortie – Enquête cessée depuis 2020;dataeducation;2020-07-02;DEPP – Ministère en charge de l’éducation nationale;Licence Ouverte v2.0 (Etalab);établissements,insertion,formation professionnelle,élèves,apprentis,centre de formation d’apprentis,apprentissage,CFA;Etablissements (dont IPS);0;28019;5902;0;0;9.5;90;8101;;domain;False
dataviz-a-la-une;dataviz-list;dataeducation;2020-12-14;;;hors catalogue;;0;1316208;2850;0;0;39.8;30;12000;;domain;False
retours-formulaire-votre-avis-datasets-attendus;Retours formulaire - votre avis - Datasets attendus;dataeducation;2023-04-04;;;;;0;25565;3475;0;0;8.3;0;0;;domain;False
fr-en-dataes-activites;Data ES - Liste des Activités;dataeducation;2023-09-04;Ministère des Sports;LICENCE OUVERTE 2.0;Sport,DataES,Référence,Activités;Références;0;8728;3464;0;0;6.2;242;12800;;domain;True
paris-2024-boutiques-officielles;Paris 2024 - Boutiques officielles;dataeducation;2024-06-27;Ministère des Sports;Licence Ouverte v2.0 (Etalab);Boutiques officielles;Sport, jeunesse et vie associative;0;6311;5796;0;0;6.7;149;68100;;domain;False
paris-2024-entrees-ceremonie-d-ouverture-olympique;Paris 2024 - Entrées Cérémonie d'ouverture Olympique;dataeducation;2024-07-12;Ministère des Sports;Licence Ouverte v2.0 (Etalab);;Sport, jeunesse et vie associative;0;4663;3506;0;0;5.4;38;4075;;domain;False
paris-2024-parkings-pfr-taxi-ts;Paris 2024 - Parkings PFR + taxi + TS;dataeducation;2024-09-11;Ministère des Sports;Licence Ouverte v2.0 (Etalab);transport,mobilité,spectateurs,PFR,PSH;Sport, jeunesse et vie associative;0;4980;3136;0;0;5.3;230;76306;;domain;False
cartes-des-sites-poi-fr;Cartes des sites - Venues POI (FR);dataeducation;2024-09-13;Ministère des Sports;Licence Ouverte v2.0 (Etalab);WEMAP;Sport, jeunesse et vie associative;0;3269;1429;0;0;3.9;3464;972603;;domain;False
paris-2024-lignes-para-dds;Paris 2024 - Lignes PARA DDS;dataeducation;2024-10-01;Ministère des Sports;Licence Ouverte v2.0 (Etalab);transport,mobilité,accrédités,DDS,OBS;Sport, jeunesse et vie associative;0;4270;3785;0;0;5.4;110;731694;;domain;False
paris-2024-lignes-para-tf;Paris 2024 - Lignes PARA TF;dataeducation;2024-10-01;Ministère des Sports;Licence Ouverte v2.0 (Etalab);transport,accrédités,mobilité,TF;Sport, jeunesse et vie associative;0;4790;2664;0;0;5.0;93;1168095;;domain;False
paris-2024-flux-pietons-accredites;Paris 2024 - Flux piétons accrédités;dataeducation;2024-10-01;Ministère des Sports;Licence Ouverte v2.0 (Etalab);transport,mobilité,accrédités;Sport, jeunesse et vie associative;0;6353;3405;0;0;5.7;184;73200;;domain;False
paris-2024-psa-snm;Paris 2024 - PSA spectateurs;dataeducation;2024-10-04;Ministère des Sports;Licence Ouverte v2.0 (Etalab);;Sport, jeunesse et vie associative;0;7204;7123;0;0;7.3;204;30834;;domain;False
fr-en-remplacement-second-degre;Le remplacement des professeurs absents dans l'enseignement public du second degré;dataeducation;2024-11-20;DGRH - Ministère de l'éducation nationale;Licence Ouverte v2.0 (Etalab);remplacement,enseignements,ressources humaines,second degré;Ressources humaines,Enseignements (dont formation, spécialité, langue, sport),Organisation du système scolaire;0;5874;1819;36;0;4.8;30;1019;;domain;False
fr-en-aap-snee-collectivites;Appel à projet Socle Numérique dans les Ecoles Elémentaires - par collectivité;dataeducation;2024-11-27;;;snee,collectivités,plan de relance;;0;7526;1724;0;0;5.0;6870;1466600;;domain;False
fr-en-centres-et-etablissements-labellises-label-qualite-francais-langue-etrange;"Centres et établissements labellisés ""Label qualité français langue étrangère""";dataeducation;2025-02-14;France Éducation international;Licence Ouverte v2.0 (Etalab);français langue étrangère,label;Etablissements (dont IPS);0;8548;2766;0;0;5.8;110;25988;;domain;False
fr-en-inserjeunes-lycee_pro_agri;Inserjeunes Voie professionnelle scolaire agricole par établissement relevant du ministère de l'agriculture;dataeducation;2025-03-04;DEPP – Ministère en charge de l’éducation nationale;Licence Ouverte v2.0 (Etalab);établissements,formation professionnelle,élèves,lycéens,lycée professionnel,insertion professionnelle,poursuite d'études,inserjeunes;Elèves, étudiants, et apprentis;0;3244;1052;0;0;3.6;1617;221764;;domain;False
fr-en-futurpro-indicateurs-formation-etablissement;Futur pro - indicateurs formation/établissement;dataeducation;2025-12-11;;;;;0;5862;236;0;0;3.3;29707;19373539;;domain;False
fr-en-effectifs-etudiants-cpge-par-annee-et-par-sexe;Effectifs d’étudiants en CPGE par année et par sexe;dataeducation;2026-01-29;DNE - Ministère de l'Education Nationale;Licence Ouverte v2.0 (Etalab);EPLE,post-bac,lycée;Elèves, étudiants, et apprentis,Etablissements (dont IPS);0;67861;14173;0;0;14.8;144;12545;;domain;False
fr-en-sante-enfants-grande-section-et-cm2;La santé des enfants en grande section de maternelle et en CM2;dataeducation;2026-01-29;Ministère de l'Éducation nationale;Licence Ouverte v2.0 (Etalab);santé,école,élèves,bilan santé;Elèves, étudiants, et apprentis;0;65616;6897;0;0;12.7;196;25422;;domain;False
fr-en-diplomes-etablissements-secondaire;Diplômes préparés dans les établissements du secondaire et formations intermédiaires;dataeducation;2026-01-29;DNE - Ministère de l'Education Nationale;Licence Ouverte v2.0 (Etalab);lycées,lycées professionnels,collèges;Etablissements (dont IPS),Diplômes et examens;0;85454;8348;0;0;14.3;3381;1152270;;domain;False
fr-en-livre-or-1914-1918;"Première Guerre Mondiale 1914-1918 ""Livre d’or des personnels de l’instruction publique et des Beaux-arts""";dataeducation;2026-01-29;DGESCO - Ministère de l'éducation nationale;Licence Ouverte v2.0 (Etalab);enseignants,élèves,personnels;Elèves, étudiants, et apprentis;0;99311;6036;0;0;14.3;17144;7544347;;domain;False
fr-en-carto-pro-reussite-aux-examens;Réussite aux examens de la voie professionnelle;dataeducation;2026-01-29;DGESCO - Ministère de l'éducation nationale;Licence Ouverte v2.0 (Etalab);taux de réussite,examen,professionnel,voie professionnelle,formation professionnelle;Diplômes et examens;0;95234;6202;0;0;14.2;1615;392293;;domain;False
fr-en-cnr-base-nefle;Ecoles et établissements engagés dans la démarche du CNR Education;dataeducation;2026-01-29;DGESCO - Ministère de l'éducation nationale;Licence Ouverte v2.0 (Etalab);;Etablissements (dont IPS),Politique éducative (dont éducation prioritaire);0;653071;5163;0;0;29.9;6024;79414240;;domain;False
fr-en-programmes-mobilite-enseignante-fei;Programmes de mobilité enseignante gérés par France Éducation international;dataeducation;2026-01-29;France Éducation international;Licence Ouverte v2.0 (Etalab);enseignant,enseignement des langues,mobilité,formation continue;Enseignements (dont formation, spécialité, langue, sport);0;4520;878;0;0;3.8;35;2433;;domain;False
fr-en-tne_duree_formations_par_departement_secteur_type_etablissement;TNE - Durée des formations par département, secteur et type d'établissement;dataeducation;2026-01-29;Réseau Canopé;Licence Ouverte v2.0 (Etalab);Territoires numériques éducatifs,formation;Enseignements (dont formation, spécialité, langue, sport);0;1279;565;0;0;2.4;438;41344;;domain;False
fr-en-maternelles-elysee;Liste maternelles Elysée;dataeducation;2026-01-29;DGESCO - Ministère de l'éducation nationale;Licence Ouverte v2.0 (Etalab);;Enseignements (dont formation, spécialité, langue, sport),Etablissements (dont IPS),Politique éducative (dont éducation prioritaire);0;7804;1019;0;0;4.6;325;85372;;domain;False
fr-en-offre-langues-2d;Offre de langues dans les collèges et lycées;dataeducation;2026-01-31;DNE - Ministère de l'Education Nationale;Licence Ouverte v2.0 (Etalab);lycée,collège,langues vivantes,enseignements;Enseignements (dont formation, spécialité, langue, sport),Etablissements (dont IPS);0;704640;5431;0;0;31.0;39858;10226615;;domain;False
fr-en-catalogue-structures-accueil-hebergement;Catalogue national des structures d'accueil et d'hébergement;dataeducation;2026-01-31;DJEPVA - Ministère chargé de la Jeunesse;Licence Ouverte v2.0 (Etalab);hébergement;Sport, jeunesse et vie associative;0;492707;6775;0;0;27.0;649;2403644;;domain;False
fr-en-carte-scolaire-colleges-publics;Carte scolaire des collèges publics;dataeducation;2026-02-02;DGESCO - Ministère de l'éducation nationale;Licence Ouverte v2.0 (Etalab);collèges,carte scolaire,affectation;Elèves, étudiants, et apprentis,Etablissements (dont IPS);0;3062356;20814;0;0;64.1;520678;75513238;;domain;False
fr-en-donnees-cartes-mouvement-interdepartemental-premier-degre-public;Données relatives aux cartes du mouvement interdépartemental du premier degré public;dataeducation;2026-02-02;DGRH - Ministère de l'éducation nationale;Licence Ouverte v2.0 (Etalab);mouvement,1er degré,enseignants;Ressources humaines;0;37675;12279;0;0;12.2;101;673585;;domain;False
fr-en-etablissements-ep;Etablissements de l'éducation prioritaire;dataeducation;2026-02-02;DGESCO - Ministère de l'éducation nationale;Licence Ouverte v2.0 (Etalab);;Etablissements (dont IPS),Politique éducative (dont éducation prioritaire);0;4014398;26548;0;0;73.3;8501;2852738;;domain;False
fr-en-etablissements-labellises-euroscol;Établissements labellisés Euroscol;dataeducation;2026-02-02;DREIC - Ministère de l'éducation nationale;Licence Ouverte v2.0 (Etalab);établissements,label;Etablissements (dont IPS),Politique éducative (dont éducation prioritaire),Organisation du système scolaire;0;2402135;11231;0;0;55.6;1672;575473;;domain;False
fr-en-structures-retour-ecole;Les structures de retour à l'école;dataeducation;2026-02-05;DGESCO - Ministère de l'éducation nationale;Licence Ouverte v2.0 (Etalab);décrochage scolaire,jeunes,diplômes;Politique éducative (dont éducation prioritaire);0;247117;9173;0;0;21.2;61;23003;;domain;False
assets-listing;Assets listing;dataeducation;2026-02-06;;;;;0;15835;243;0;0;4.9;665;3476727;;domain;False
fr-en-inserjeunes-cfa;Inserjeunes Apprentissage par centre de formation d'apprentis (CFA);dataeducation;2026-02-06;DEPP – Ministère en charge de l’éducation nationale;Licence Ouverte v2.0 (Etalab);établissements,formation professionnelle,apprentis,centre de formation d’apprentis,apprentissage,CFA,insertion professionnelle,poursuite d'études,inserjeunes;Elèves, étudiants, et apprentis;0;39459;5598;0;0;10.4;11314;1665170;;domain;False
fr-en-age_eleves_entree_sixieme;Age des élèves à l'entrée en sixième;dataeducation;2026-02-06;DEPP – Ministère en charge de l’éducation nationale;Licence Ouverte v2.0 (Etalab);retard,sixième;Elèves, étudiants, et apprentis;0;5188;1142;0;0;4.1;510;109411;;domain;False
fr-en-ips_colleges;Indices de position sociale des collèges (2016-2021);dataeducation;2026-02-06;DEPP – Ministère en charge de l’éducation nationale;Licence Ouverte v2.0 (Etalab);élèves,collèges;Etablissements (dont IPS);0;2794235;36596;1315;0;64.1;41701;5136476;;domain;False
fr-en-evaluations_nationales_2depro_region;Résultats consolidés aux évaluations nationales de début de seconde professionnelle par région académique;dataeducation;2026-02-06;DEPP – Ministère en charge de l’éducation nationale;Licence Ouverte v2.0 (Etalab);évaluations,seconde,scores,groupe;Evaluation des élèves;0;3166;883;0;0;3.4;684;71715;;domain;False
fr-en-moyens_enseignants_2d_public;Indicateurs d'encadrement H/E et E/S à la rentrée dans le secteur public;dataeducation;2026-02-06;DEPP – Ministère en charge de l’éducation nationale;Licence Ouverte v2.0 (Etalab);personnels,Second degré,Service des enseignants,Encadrement,Public;Ressources humaines;0;18825;2684;0;0;7.2;25613;4679230;;domain;False
fr-en-evaluations_nationales_2degt_academie;Résultats consolidés aux évaluations nationales de début de seconde générale et technologique par académie;dataeducation;2026-02-06;DEPP – Ministère en charge de l’éducation nationale;Licence Ouverte v2.0 (Etalab);évaluations,seconde,scores,groupe;Evaluation des élèves;0;5123;1022;0;0;4.0;1116;114874;;domain;False
fr-en-moyens_enseignants_2d_prive;Indicateurs d'encadrement H/E et E/S à la rentrée dans le secteur privé sous contrat;dataeducation;2026-02-06;DEPP – Ministère en charge de l’éducation nationale;Licence Ouverte v2.0 (Etalab);personnels,Second degré,Service des enseignants,Moyens,Privé sous contrat;Ressources humaines;0;11685;2383;0;0;6.1;8243;1594559;;domain;False
fr-en-evaluations_nationales_6eme_academie;Résultats aux évaluations nationales de début de sixième par académie;dataeducation;2026-02-06;DEPP – Ministère en charge de l’éducation nationale;Licence Ouverte v2.0 (Etalab);Évaluations,sixième,scores,groupe;Evaluation des élèves;0;45564;4407;0;0;10.4;1488;157351;;domain;False
fr-en-objectifs_europeens_education_formation;Les objectifs européens en éducation et en formation;dataeducation;2026-02-06;DEPP – Ministère en charge de l’éducation nationale;Licence Ouverte v2.0 (Etalab);Éducation,participation,diplômes,acquis;Politique éducative (dont éducation prioritaire);0;2868;695;0;0;3.1;1009;58000;;domain;False
fr-en-evaluations_nationales_mi_cp_region;Les évaluations nationales Repères de mi-CP par région académique;dataeducation;2026-02-10;DEPP – Ministère en charge de l’éducation nationale;Licence Ouverte v2.0 (Etalab);Évaluations,mi-CP,taux de maitrise,mathématiques,français;Evaluation des élèves;0;1945;624;8;0;2.8;4746;516146;;domain;False
fr-en-indicateur_segregation_sociale_colleges;Indicateurs de ségrégation sociale entre collèges dans les départements;dataeducation;2026-02-10;DEPP – Ministère en charge de l’éducation nationale;Licence Ouverte v2.0 (Etalab);collèges,ségrégation sociale;Etablissements (dont IPS);0;527291;6239;0;0;27.6;1452;289740;;domain;False
fr-en-indicateurs-de-resultat-des-lycees-denseignement-professionnels;Indicateurs de valeur ajoutée des lycées d'enseignement professionnel (ancienne version);dataeducation;2026-02-10;DEPP – Ministère en charge de l’éducation nationale;Licence Ouverte v2.0 (Etalab);évaluation,acquis,élèves,enseignement professionnel,lycée,IVAL;Etablissements (dont IPS);0;223664;10113;1984;0;20.6;24236;7722185;;domain;False
fr-en-lycee_pro-effectifs-niveau-sexe-mef;Effectifs des élèves en voie professionnelle ou BTS;dataeducation;2026-02-10;DEPP – Ministère en charge de l’éducation nationale;Licence Ouverte v2.0 (Etalab);élèves,voie professionnelle,établissements,lycée professionnel;Elèves, étudiants, et apprentis;0;181082;7763;0;0;18.4;44328;11200310;;domain;False
fr-en-heures-annuelles-enseignement-timss;Étude TIMSS : heures annuelles d'enseignement;dataeducation;2026-02-10;DEPP – Ministère en charge de l’éducation nationale;Licence Ouverte v2.0 (Etalab);évaluation,élèves,acquis;Evaluation des élèves;0;28422;5919;0;0;9.6;6;233;;domain;False
fr-en-resultats-detailles-au-dnb;Résultats détaillés au DNB;dataeducation;2026-02-17;DEPP – Ministère en charge de l’éducation nationale;Licence Ouverte v2.0 (Etalab);troisième,second degré,2nd degré,DNB,résultat scolaire,examen,taux réussite,candidat,sexe,collège,département,diplôme national brevet;Diplômes et examens;0;1351675;90237;0;0;53.6;5544;851495;;domain;False
fr-en-reussite-au-baccalaureat-age;Réussite au baccalauréat selon l'âge;dataeducation;2026-02-19;DEPP – Ministère en charge de l’éducation nationale;Licence Ouverte v2.0 (Etalab);terminale,second degré,2nd degré,BAC,baccalauréat,examen,taux de réussite,âge,candidat,cohorte,national;Diplômes et examens;0;3966822;180935;0;0;87.0;348;20470;;domain;False
fr-en-proportion-de-bacheliers-dans-une-generation;La proportion de bacheliers dans une génération;dataeducation;2026-02-19;DEPP – Ministère en charge de l’éducation nationale;Licence Ouverte v2.0 (Etalab);terminale,second degré,2nd degré,BAC,baccalauréat,examen,réussite,espérance,génération,cohorte,résultat scolaire,national;Diplômes et examens;0;455571;8963;0;0;26.8;243;22646;;domain;False
fr-en-evaluations_nationales_cp_departement;Les évaluations nationales Repères CP par département;dataeducation;2026-02-24;DEPP – Ministère en charge de l’éducation nationale;Licence Ouverte v2.0 (Etalab);CP,taux de maitrise,mathématiques,français,premier degré,1er degré,év,évaluations nationales,département,établissement public,établissement privé sous contrat,sexe;Evaluation des élèves;0;23430;4107;91;0;8.4;35496;6626820;;domain;False
challenge-cyber-passe-ton-hack-d-abord;"Challenge Cyber ""Passe ton hack d'abord""";dataeducation;2026-02-24;DGESCO - Ministère de l'éducation nationale;Licence Ouverte v2.0 (Etalab);Grist,cybersécurité;Enseignements (dont formation, spécialité, langue, sport);0;9179;8395;0;0;8.0;562;265297;;domain;False
fr-en-etablissements-fermes;Établissements fermés;dataeducation;2026-02-25;DEPP – Ministère en charge de l’éducation nationale;Licence Ouverte v2.0 (Etalab);école,structures,établissements,EPLE,lycées,collèges,lycées professionnels;Données de référence;0;2381934;32351;0;0;59.4;42267;18831686;;domain;False
fr-esr-cartographie_formations_parcoursup;Cartographie des formations Parcoursup;dataeducation;2020-10-26;Ministère de l'Enseignement supérieur, de la Recherche et de l'Espace;Licence Ouverte v2.0 (Etalab);parcoursup,formations,enseignement supérieur;Enseignements (dont formation, spécialité, langue, sport),Etablissements (dont IPS),Parcours et insertion professionnelle,Données de référence;0;315701;12276;0;0;24.1;157227;110778215;;domain;True
fr-en-microtic2d;Enquête MicroTic2D – Enquête cessée à partir de 2023;dataeducation;2022-06-02;DEPP – Ministère en charge de l’éducation nationale;Licence Ouverte v2.0 (Etalab);établissements;Etablissements (dont IPS);0;124216;7593;2361;0;16.0;10396;3359144;;domain;False
retours-formulaire-votre-avis-ameliorations-souhaitees;Retours formulaire - votre avis - Améliorations ergonomiques souhaitées;dataeducation;2023-04-12;;;;;0;25474;3152;0;0;8.2;0;0;;domain;False
fr-en-ips-lycees-ap2022;Indices de position sociale dans les lycées (2022);dataeducation;2024-05-24;DEPP – Ministère en charge de l’éducation nationale;Licence Ouverte v2.0 (Etalab);élèves,lycées;Elèves, étudiants, et apprentis;0;556299;35000;452;0;34.1;3598;662551;;domain;False
fr-en-ips_erea;Indices de position sociale des EREA (2016-2021);dataeducation;2024-05-24;DEPP – Ministère en charge de l’éducation nationale;Licence Ouverte v2.0 (Etalab);élèves,collèges;Etablissements (dont IPS);0;19734;5097;84;0;8.4;473;72824;;domain;False
paris24-calendrier-de-sessions-version-simplifiee-eng;Paris 2024 - Calendrier des sessions [Version simplifiée ENG];dataeducation;2024-07-30;Ministère des Sports;Licence Ouverte v2.0 (Etalab);PARIS2024,Calendrier,Sessions;Sport, jeunesse et vie associative;0;3485;4096;0;0;5.3;1044;119287;;domain;False
paris-2024-entrees-ceremonie-douverture-paralympique;Paris 2024 - Entrées Cérémonie d'ouverture Paralympique;dataeducation;2024-08-12;Ministère des Sports;Licence Ouverte v2.0 (Etalab);;Sport, jeunesse et vie associative;0;4444;2895;0;0;5.0;3;364;;domain;False
paris-2024-zones-de-depose-reprise-spectateurs;Paris 2024 - Zones de dépose reprise spectateurs;dataeducation;2024-09-11;Ministère des Sports;Licence Ouverte v2.0 (Etalab);transport,mobilité,spectateurs;Sport, jeunesse et vie associative;0;5222;6206;0;0;6.6;184;54195;;domain;False
games_map_road_events_en;Carte des Jeux - Road Events (EN);dataeducation;2024-09-13;Ministère des Sports;Licence Ouverte v2.0 (Etalab);;Sport, jeunesse et vie associative;0;4212;2865;0;0;5.0;678;2930011;;domain;False
paris-2024-evenements-olympiade-culturelle;Paris 2024 - Événements Olympiade Culturelle;dataeducation;2024-09-15;Ministère des Sports;Licence Ouverte v2.0 (Etalab);PARIS2024,Olympiade Culturelle;Sport, jeunesse et vie associative;0;7473;7548;0;0;7.5;4316;5407123;;domain;False
paris-2024-perimetres-de-securite;Paris 2024 - Périmètres de sécurité;dataeducation;2024-10-01;Ministère des Sports;Licence Ouverte v2.0 (Etalab);Périmètres;Sport, jeunesse et vie associative;0;6410;6073;0;0;6.8;52;151196;;domain;False
paris-2024-itineraires-spectateurs;Paris 2024 - Itinéraires spectateurs HORS PARIS;dataeducation;2024-10-01;Ministère des Sports;Licence Ouverte v2.0 (Etalab);transport,mobilité,spectateurs;Sport, jeunesse et vie associative;0;5485;3572;0;0;5.6;133;61068;;domain;False
paris-2024-lignes-oly-ta;Paris 2024 - Lignes OLY TA;dataeducation;2024-10-01;Ministère des Sports;Licence Ouverte v2.0 (Etalab);transport,mobilité,athlètes,accrédités;Sport, jeunesse et vie associative;0;5558;2738;0;0;5.2;449;5477195;;domain;False
paris-2024-zones-de-depose-reprise-pfr-psh;Paris 2024 - Zones de dépose reprise PFR-PSH;dataeducation;2024-10-01;Ministère des Sports;Licence Ouverte v2.0 (Etalab);loadzone,transport,mobilité,PFR,PSH;Sport, jeunesse et vie associative;0;5749;6855;0;0;6.9;163;55750;;domain;False
paris-2024-cheminements-parking-velo-psa;Paris 2024 - Cheminements parking vélo - PSA;dataeducation;2024-10-01;Ministère des Sports;Licence Ouverte v2.0 (Etalab);transport,mobilité,vélo,spectateurs;Sport, jeunesse et vie associative;0;5405;3479;0;0;5.5;49;22587;;domain;False
paris-2024-liste-athletes-engages-olypara;Paris 2024 - Liste des athlètes engagés aux Jeux Olympiques et Paralympiques;dataeducation;2024-10-30;Ministère des Sports;Licence Ouverte v2.0 (Etalab);;Sport, jeunesse et vie associative;0;21599;2113;0;0;7.2;12625;918742;;domain;False
fr-en-calendrier-scolaire;Le calendrier scolaire;dataeducation;2026-01-29;DNE - Ministère de l'Education Nationale;Licence Ouverte v2.0 (Etalab);temps scolaire,école,EPLE,vacances;Organisation du système scolaire;0;164232038;7322904;13;56046;558.2;2320;290502;;domain;False
fr-en-complements-programmes-premier-degre;Compléments aux programmes d'enseignement du premier degré;dataeducation;2026-01-29;DGESCO - Ministère de l'éducation nationale;Licence Ouverte v2.0 (Etalab);programmes d'enseignement;Enseignements (dont formation, spécialité, langue, sport),Politique éducative (dont éducation prioritaire);0;20223;4707;0;0;8.3;16;6305;;domain;False
fr-en-cefte;Campus professionnel franco-étranger (CPFx) (ex Centres d'excellence de formation technique à l'étranger (CEFTE));dataeducation;2026-01-29;France Éducation international;Licence Ouverte v2.0 (Etalab);international,excellence,CEFTE,voie technologique,formation professionnelle;Elèves, étudiants, et apprentis,Etablissements (dont IPS),Organisation du système scolaire;0;1138270;9121;0;0;39.5;19;3835;;domain;False
fr-en-seances-conseil-superieur-education;Séances du Conseil Supérieur de l'Éducation;dataeducation;2026-01-29;Direction des affaires juridiques - Ministère de l'Éducation nationale;Licence Ouverte v2.0 (Etalab);conseil supérieur de l'éducation,programmes d'enseignement,diplômes;Politique éducative (dont éducation prioritaire),Finances et droit;0;26889;7815;0;821;10.0;55;14110;;domain;False
fr-en-carto-pro-insertion;Taux d'emploi des diplômes de la voie professionnelle;dataeducation;2026-01-29;DGESCO - Ministère de l'éducation nationale;Licence Ouverte v2.0 (Etalab);insertion,voie professionnelle,formation professionnelle;Diplômes et examens,Parcours et insertion professionnelle;0;50551;5578;0;0;11.3;635;124481;;domain;False
fr-en-liste-aptitude-enseignants-1er-et-2nd-degre-public;Liste d’aptitude des enseignants du 1er et du 2nd degré public;dataeducation;2026-01-29;DGRH - Ministère de l'éducation nationale;Licence Ouverte v2.0 (Etalab);liste d'aptitude,enseignants,public,1er degré,2nd degré;Ressources humaines;0;22185;3827;0;0;8.1;5;297;;domain;False
fr-en-demandes-decisions-orientation-fin-3e;Demandes et décisions d'orientation en fin de 3ème (2015-2019);dataeducation;2026-01-29;DGESCO - Ministère de l'éducation nationale;Licence Ouverte v2.0 (Etalab);Orientation;Elèves, étudiants, et apprentis,Parcours et insertion professionnelle;0;24201;3923;0;0;8.4;155;51626;;domain;False
fr-en-part_vehicules_faibles_emissions;Part des véhicules à faibles émissions dans le renouvellement du parc du Ministère de l’éducation nationale et de la Jeunesse;dataeducation;2026-01-29;SAAM-Ministère de l'Éducation nationale;Licence Ouverte v2.0 (Etalab);véhicules;Organisation du système scolaire;0;7817;4323;0;0;6.4;88;23254;;domain;False
lycees_prefigurateurs_prepa2nde;Lycées avec classes préparatoires à la classe de seconde;dataeducation;2026-01-29;DGESCO - Ministère de l'éducation nationale;Licence Ouverte v2.0 (Etalab);organisation,structures;Etablissements (dont IPS);0;2013579;6417;0;0;50.0;110;76686;;domain;False
fr-en-pix_resultats_des_campagnes_de_rentree_par_eple;Pix - Résultats par palier des parcours de rentrée pour les élèves des collèges et lycées;dataeducation;2026-01-29;Groupement d’intérêt public « Pix »;Licence Ouverte v2.0 (Etalab);collèges,lycées;Elèves, étudiants, et apprentis;0;55251;5284;0;0;11.5;270920;64584856;;domain;False
fr-en-belc-participants-par-pays;BELC - participants par pays;dataeducation;2026-01-29;France Éducation international;Licence Ouverte v2.0 (Etalab);enseignant,français langue étrangère,langue française,formation professionnelle,enseignement des langues,formation continue;Enseignements (dont formation, spécialité, langue, sport);0;6468;997;0;0;4.3;302;20909;;domain;False
fr-en-label-egalite-fille-garcon;Label Egalité Filles-Garçons;dataeducation;2026-01-29;DGESCO - Ministère de l'éducation nationale;Licence Ouverte v2.0 (Etalab);;Politique éducative (dont éducation prioritaire),Etablissements (dont IPS);0;576980;2447;0;0;27.1;1678;555560;;domain;False
fr-en-territoires-educatifs-ruraux;Territoires éducatifs ruraux;dataeducation;2026-01-29;DGESCO - Ministère de l'éducation nationale;Licence Ouverte v2.0 (Etalab);;Politique éducative (dont éducation prioritaire),Organisation du système scolaire;0;136156;2566;0;0;14.6;2829;20780746;;domain;False
fr-en-lieux-de-memoire;Sites d’histoire et de mémoire en lien avec le racisme, l’antisémitisme et l’antitsiganisme;dataeducation;2026-01-29;DGESCO - Ministère de l'éducation nationale;Licence Ouverte v2.0 (Etalab);;;0;22333;1262;0;0;6.7;243;81103;;domain;False
fr-en-tne_personnels_formes_par_departement_secteur_type_etablissement;TNE - Nombre de participants aux formations par département, secteur et type d'établissement;dataeducation;2026-01-29;Réseau Canopé;Licence Ouverte v2.0 (Etalab);Territoires numériques éducatifs,professeurs,formation;Enseignements (dont formation, spécialité, langue, sport);0;10003;564;0;0;4.5;460;28209;;domain;False
fr-en-tne_suivi_deploiement_solutions_numeriques_1d_dept;TNE - Suivi du déploiement des solutions numériques 1er degré par département;dataeducation;2026-01-29;Réseau Canopé;Licence Ouverte v2.0 (Etalab);Territoires numériques éducatifs,déploiement,suivi;Enseignements (dont formation, spécialité, langue, sport);0;1295;590;0;0;2.5;12;639;;domain;False
fr-en-indicateurs_personnels_etablissements2d;Les personnels dans les établissements du second degré;dataeducation;2026-01-29;DEPP – Ministère en charge de l’éducation nationale;Licence Ouverte v2.0 (Etalab);Personnels,Second degré,ETP,Public,Privé sous contrat;Ressources humaines;0;59204;9721;0;0;13.1;10697;5350694;;domain;False
fr-en-programmes-enseignement-2nd-degre;Programmes d'enseignement du second degré;dataeducation;2026-02-02;DGESCO - Ministère de l'éducation nationale;Licence Ouverte v2.0 (Etalab);élèves,enseignants,lycée professionnel,EPLE,enseignements,collège,cycle 3,cycle 4,lycée général et technologique,2nd degré;Enseignements (dont formation, spécialité, langue, sport),Politique éducative (dont éducation prioritaire);0;102218;6608;0;1;14.7;688;312804;;domain;False
idfm-parkings-relais-paris-2024-fr;[IDFM] - Parkings relais Paris 2024 (FR);dataeducation;2026-02-02;Ministère des Sports;Licence Ouverte v2.0 (Etalab);;Sport, jeunesse et vie associative;0;9448;2801;0;0;6.0;43;23912;;domain;False
fr-en-assistants_langue_francaise;Assistants de langue française à l'étranger - postes offerts;dataeducation;2026-02-02;France Éducation international;Licence Ouverte v2.0 (Etalab);mobilité,Assistants,langue française,mobilité internationale,enseignement des langues,oral,culture;Enseignements (dont formation, spécialité, langue, sport);0;13538;4425;0;0;7.3;98;7823;;domain;False
fr-en-sections-internationales;Sections internationales et classes menant au baccalauréat français international (BFI) en France et dans les établissements français à l’étranger;dataeducation;2026-02-02;DREIC - Ministère de l'éducation nationale;Licence Ouverte v2.0 (Etalab);langues vivantes;Etablissements (dont IPS),Politique éducative (dont éducation prioritaire),Diplômes et examens;0;854901;8493;0;0;34.7;1044;218759;;domain;False
fr-en-liste-diplomes-professionnels;Liste des diplômes professionnels de l’éducation nationale;dataeducation;2026-02-05;DGESCO - Ministère de l'éducation nationale;Licence Ouverte v2.0 (Etalab);diplôme,professionnel,liste,certification,spécialités,option,RNCP,CPC;Diplômes et examens,Données de référence;0;537652;13213;0;0;29.8;561;113585;;domain;False
fr-en-indicateurs_personnels_etablissements1d;Les personnels dans les établissements du premier degré;dataeducation;2026-02-05;DEPP – Ministère en charge de l’éducation nationale;Licence Ouverte v2.0 (Etalab);Personnels,Premier degré,ETP,Public,Privé sous contrat;Ressources humaines;0;24618;1909;0;0;7.4;47507;10765103;;domain;False
fr-en-inserjeunes-lycee_pro-examen;Inserjeunes Voie professionnelle scolaire par établissement relevant du ministère de l'éducation nationale et par niveau de formation de CAP à BTS;dataeducation;2026-02-06;DEPP – Ministère en charge de l’éducation nationale;Licence Ouverte v2.0 (Etalab);établissements,formation professionnelle,élèves,lycéens,lycée professionnel,insertion professionnelle,poursuite d'études,inserjeunes;Elèves, étudiants, et apprentis;0;29807;4443;0;0;9.1;37746;5930815;;domain;False
fr-en-indice_eloignement_college_2019-2021;Indice d'éloignement des collèges 2019-2021;dataeducation;2026-02-06;DEPP – Ministère en charge de l’éducation nationale;Licence Ouverte v2.0 (Etalab);Indice d'éloignement collège,éloignement,collège,territoire;Etablissements (dont IPS);0;6842;2797;0;0;5.5;20862;2058984;;domain;False
fr-en-ecoles-effectifs-nb_classes;Effectifs d’élèves par école;dataeducation;2026-02-06;DEPP – Ministère en charge de l’éducation nationale;Licence Ouverte v2.0 (Etalab);établissements,école,élèves;Elèves, étudiants, et apprentis;0;1208511;50085;0;0;47.4;809225;183442899;;domain;False
fr-en-ips-colleges-ap2023;Indices de position sociale des collèges (à partir de 2023);dataeducation;2026-02-06;DEPP – Ministère en charge de l’éducation nationale;Licence Ouverte v2.0 (Etalab);élèves,collèges,IPS;Etablissements (dont IPS);0;1269983;20948;0;0;44.1;13972;3263473;;domain;False
fr-en-college-effectifs-niveau-sexe-lv;Effectifs d’élèves en collège;dataeducation;2026-02-06;DEPP – Ministère en charge de l’éducation nationale;Licence Ouverte v2.0 (Etalab);établissements,élèves,collèges,langues vivantes;Elèves, étudiants, et apprentis;0;919196;27298;0;0;39.8;50164;15800610;;domain;False
fr-en-evaluations_nationales_4eme_departement;Résultats aux évaluations nationales de début de quatrième par département;dataeducation;2026-02-06;DEPP – Ministère en charge de l’éducation nationale;Licence Ouverte v2.0 (Etalab);Évaluations,quatrième,scores,groupe;Evaluation des élèves;0;17841;4353;0;0;7.9;1224;179258;;domain;False
fr-en-indice_eloignement_college_ap2022;Indice d'éloignement des collèges depuis 2022;dataeducation;2026-02-06;DEPP – Ministère en charge de l’éducation nationale;Licence Ouverte v2.0 (Etalab);Indice d'éloignement collège,éloignement,collège,territoire;Etablissements (dont IPS);0;24624;3273;0;0;8.1;20935;2190930;;domain;False
fr-en-cap_specialite_sexe_statut_departement;Résultats par spécialité, sexe, statut et département au CAP;dataeducation;2026-02-10;DEPP – Ministère en charge de l’éducation nationale;Licence Ouverte v2.0 (Etalab);CAP,certificat d'aptitude professionnelle,taux de réussite,statut,département,sexe,spécialité;Diplômes et examens;0;6135;1076;0;0;4.3;17454;2032375;;domain;False
fr-en-evaluations_nationales_mi_cp_departement;Les évaluations nationales Repères de mi-CP par département;dataeducation;2026-02-10;DEPP – Ministère en charge de l’éducation nationale;Licence Ouverte v2.0 (Etalab);Évaluations,mi-CP,taux de maitrise,mathématiques,français;Evaluation des élèves;0;3700;673;11;0;3.4;25662;2576165;;domain;False
fr-en-indicateurs-de-resultat-des-lycees-denseignement-general-et-technologique;Indicateurs de valeur ajoutée des lycées d'enseignement général et technologique (ancien);dataeducation;2026-02-10;DEPP – Ministère en charge de l’éducation nationale;Licence Ouverte v2.0 (Etalab);évaluation,acquis,élèves,enseignement général,enseignement technologique,indicateur de valeur ajoutée,lycée,IVAL;Etablissements (dont IPS);0;955332;42223;5622;0;42.5;27808;8817980;;domain;False
fr-en-mode-hebergement-eleves-etablissements-2d;Le mode d’hébergement des élèves dans les établissements du second degré;dataeducation;2026-02-10;DEPP – Ministère en charge de l’éducation nationale;Licence Ouverte v2.0 (Etalab);élèves,second degré,hébergement;Elèves, étudiants, et apprentis;0;64545;6041;0;0;12.4;54241;9520855;;domain;False
fr-en-evaluations_nationales_ce1_departement;Les évaluations nationales Repères CE1 par département;dataeducation;2026-02-24;DEPP – Ministère en charge de l’éducation nationale;Licence Ouverte v2.0 (Etalab);CE1,taux de maitrise,français,mathématiques,premier degré,1er degré,évaluations nationales,département,établissement public,établissement privé sous contrat,sexe;Evaluation des élèves;0;8144;2962;18;0;5.8;41004;7153726;;domain;False
fr-en-evaluations_nationales_cm1_academie;Les évaluations nationales Repères CM1 par académie;dataeducation;2026-02-24;DEPP – Ministère en charge de l’éducation nationale;Licence Ouverte v2.0 (Etalab);CM1,taux de maitrise,français,mathématiques,premier degré,1er degré,évaluations nationales,académie,établissement public,établissement privé sous contrat,sexe;Evaluation des élèves;0;8767;3697;17;0;6.3;4743;824938;;domain;False
capytale-repartition-des-visites-sur-dataeducation;Capytale - Répartition par profil des visites d'utilisateurs connectés;dataeducation;2026-02-25;DNE - Ministère de l'Education Nationale - Académie de Paris;Licence Ouverte v2.0 (Etalab);STIAM,ressources numériques pédagogiques,commun numérique,plateforme;Elèves, étudiants, et apprentis;0;851;1043;0;0;2.7;72;569961;;domain;False
fr-en-cites_educatives;Établissements membres d'une cité éducative;dataeducation;2026-02-25;Ministère de l'Éducation nationale;Licence Ouverte v2.0 (Etalab);cité scolaire,établissements,structures,lycées,collèges,écoles;Etablissements (dont IPS);0;91867;12719;0;0;15.8;4109;1374350;;domain;False
donnees-ips-colleges;dataviz2;dataeducation;2010-01-01;DEPP – Ministère en charge de l’éducation nationale;Licence Ouverte v2.0 (Etalab);hors catalogue;;0;67533;596;0;0;9.7;62646;12564735;;domain;False
fr-en-effectifs-premier-degre;Effectifs d'élèves des écoles du premier degré public et privé sous tutelle du ministère en charge de l'éducation nationale - Obsolète;dataeducation;2016-12-02;DEPP – Ministère en charge de l’éducation nationale;Licence Ouverte v2.0 (Etalab);démographie scolaire,effectifs,élèves,premier degré,obsolète,hors catalogue;Elèves, étudiants, et apprentis;0;683359;14625;0;0;33.1;254517;49467820;;domain;False
retours-formulaire-votre-avis-dataviz-attendues;Retours formulaire - votre avis - Dataviz attendues;dataeducation;2023-04-12;;;;;0;24807;3237;0;0;8.1;0;0;;domain;False
fr-en-ips_lycees;Indices de position sociale des lycées (2016-2021);dataeducation;2024-05-24;DEPP – Ministère en charge de l’éducation nationale;Licence Ouverte v2.0 (Etalab);élèves,lycées;Etablissements (dont IPS);0;1712042;26333;6672;0;50.9;21777;3617783;;domain;False
paris-2024-parkings-velo-spectateurs-en-idf;Paris 2024 - Parkings vélo spectateurs en IDF;dataeducation;2024-06-20;Ministère des Sports;Licence Ouverte v2.0 (Etalab);Parkings vélo,Equipements;Sport, jeunesse et vie associative;0;6711;6724;0;0;7.0;41;18711;;domain;False
label-100-eac;Label 100% EAC;dataeducation;2024-07-05;Ministère de la Culture;Licence Ouverte v2.0 (Etalab);éducation artistique et culturelle,EAC;Organisations;0;11845;9247;16;0;8.7;157;1175926;;domain;True
paris24-calendrier-des-sessions-version-simplifiee;Paris 2024 - Calendrier des sessions [Version simplifiée];dataeducation;2024-07-30;Ministère des Sports;Licence Ouverte v2.0 (Etalab);PARIS2024,Calendrier,Sessions;Sport, jeunesse et vie associative;0;3736;4153;0;0;5.4;1044;120320;;domain;False
paris-2024-road-events-path;Paris 2024 - Tracés des road events;dataeducation;2024-09-05;Ministère des Sports;Licence Ouverte v2.0 (Etalab);;Sport, jeunesse et vie associative;0;6287;6873;0;0;7.0;30;559487;;domain;False
paris-2024-messages-chatbot-centre-de-contact-grand-public;Paris 2024 - Messages chatbot centre de contact grand public;dataeducation;2024-09-30;Ministère des Sports;Licence Ouverte v2.0 (Etalab);Messages,Chatbot;Sport, jeunesse et vie associative;0;4099;1617;0;0;4.2;202246;18835359;;domain;False
paris-2024-lignes-oly-tf;Paris 2024 - Lignes OLY TF;dataeducation;2024-10-01;Ministère des Sports;Licence Ouverte v2.0 (Etalab);accrédités,transport,mobilité;Sport, jeunesse et vie associative;0;4321;2643;0;0;4.9;328;2436947;;domain;False
paris-2024-zones-de-depose-reprise-accredites-spectateurs;Paris 2024 - Zones de dépose reprise accrédités et spectateurs;dataeducation;2024-10-01;Ministère des Sports;Licence Ouverte v2.0 (Etalab);loadzone,transport,mobilité;Sport, jeunesse et vie associative;0;5834;6643;0;0;6.8;1461;507289;;domain;False
paris-2024-territoires-labellises-terre-de-jeux;"Paris 2024 - Territoires labellisés ""Terre de Jeux""";dataeducation;2024-10-01;Ministère des Sports;Licence Ouverte v2.0 (Etalab);Terre de Jeux;Sport, jeunesse et vie associative;0;4674;1937;0;0;4.6;4513;402056;;domain;False
games_map_events_en;Carte des Jeux - Evènements (EN);dataeducation;2024-10-04;Ministère des Sports;Licence Ouverte v2.0 (Etalab);PARIS2024;Sport, jeunesse et vie associative;0;5630;2736;0;0;5.2;9003;9995474;;domain;False
cartes-des-sites-poi-en;Cartes des sites - Venues POI (EN);dataeducation;2024-10-04;Ministère des Sports;Licence Ouverte v2.0 (Etalab);WEMAP;Sport, jeunesse et vie associative;0;4304;1522;0;0;4.2;3420;775361;;domain;False
fr-en-inserjeunes-lycee_pro-agri-formation-fine;Inserjeunes Voie professionnelle scolaire agricole par établissement relevant du ministère de l'agriculture et formation fine;dataeducation;2025-03-04;DEPP – Ministère en charge de l’éducation nationale;Licence Ouverte v2.0 (Etalab);établissements,formation professionnelle,élèves,lycéens,lycée professionnel,insertion professionnelle,poursuite d'études,inserjeunes;Elèves, étudiants, et apprentis;0;3394;828;0;0;3.4;4654;911365;;domain;False
fr-en-futurpro;Futur Pro : formations/établissements;dataeducation;2025-11-25;;;;;0;18180;13361;0;0;10.6;30258;213457596;;domain;False
fr-en-budget-missions;Le budget : missions interministérielles «Enseignement scolaire» et «Recherche et enseignement supérieur»;dataeducation;2026-01-29;DAF - Ministère de l'Éducation nationale;Licence Ouverte v2.0 (Etalab);budget,finances,LOLF,BOP;Finances et droit;0;41862;5843;0;0;10.7;612;92017;;domain;False
fr-en-concours_recrutement_second_degre_public;Concours de recrutement de personnels enseignants, d'éducation et d'orientation du 2nd degré public;dataeducation;2026-01-29;DGRH - Ministère de l'éducation nationale;Licence Ouverte v2.0 (Etalab);ressources humaines;Ressources humaines;0;29020;4850;33;0;9.2;105;9621;;domain;False
fr-en-programmes-enseignement-premier-degre;Programmes d'enseignement du premier degré;dataeducation;2026-01-29;DGESCO - Ministère de l'éducation nationale;Licence Ouverte v2.0 (Etalab);élèves,enseignants,enseignements,cycle 1,cycle 2,cycle 3,1er degré,école maternelle,école élémentaire,école primaire;Enseignements (dont formation, spécialité, langue, sport),Politique éducative (dont éducation prioritaire);0;51430;8685;0;0;12.3;10;3751;;domain;False
fr-en-litterature-collegiens;Littérature pour les collégiens;dataeducation;2026-01-29;DGESCO - Ministère de l'éducation nationale;Licence Ouverte v2.0 (Etalab);collège,élèves,littérature,lecture;Elèves, étudiants, et apprentis,Enseignements (dont formation, spécialité, langue, sport);0;241338;8882;0;0;20.9;205;289759;;domain;False
fr-en-ecoles-ep;Écoles éducation prioritaire;dataeducation;2026-01-29;DGESCO - Ministère de l'éducation nationale;Licence Ouverte v2.0 (Etalab);éducation prioritaire,établissement,école,élèves,REP,REP+;Etablissements (dont IPS),Politique éducative (dont éducation prioritaire);0;470007;14140;0;0;28.5;417147;158911655;;domain;False
fr-en-bilan-contentieux;Bilan contentieux - Administration centrale et Académies;dataeducation;2026-01-29;Direction des affaires juridiques - Ministère de l'Éducation nationale;Licence Ouverte v2.0 (Etalab);bilan contentieux,académies,enseignement scolaire,administration centrale;Organisation du système scolaire,Finances et droit,Données de référence;0;22099;5831;0;523;8.9;79;31216;;domain;False
fr-en-effectif-des-agents-en-situation-de-handicap-par-type-de-beneficiaire;Effectif des agents en situation de handicap par type de bénéficiaire;dataeducation;2026-01-29;DGRH - Ministère de l'éducation nationale;Licence Ouverte v2.0 (Etalab);handicap,effectifs,agenda;Ressources humaines;0;25593;4034;0;0;8.6;11;2037;;domain;False
fr-en-demandes-decisions-orientation-fin-2e-gt;Demandes et décisions d'orientation fin 2e GT (2015-2019);dataeducation;2026-01-29;DGESCO - Ministère de l'éducation nationale;Licence Ouverte v2.0 (Etalab);Orientation;Elèves, étudiants, et apprentis,Parcours et insertion professionnelle;0;20835;3716;0;0;7.9;155;101973;;domain;False
fr-en-situation_nationale_covid;Covid 19 - points de situation nationaux;dataeducation;2026-01-29;Délégation à la communication - Ministère de l'Éducation nationale;Licence Ouverte v2.0 (Etalab);santé,covid 19;Elèves, étudiants, et apprentis,Etablissements (dont IPS);0;4776956;22863;9194;0;78.5;58;4869;;domain;False
lve-renforce;LVE renforcé;dataeducation;2026-01-29;DGESCO - Ministère de l'éducation nationale;Licence Ouverte v2.0 (Etalab);langues vivantes;Enseignements (dont formation, spécialité, langue, sport),Etablissements (dont IPS);0;64314;6627;0;0;12.5;42836;11614978;;domain;False
fr-en-carto-pro-effectifs;Effectifs d'apprenants dans les diplômes de la voie professionnelle;dataeducation;2026-01-29;DGESCO - Ministère de l'éducation nationale;Licence Ouverte v2.0 (Etalab);effectifs,voie professionnelle,formation professionnelle;Elèves, étudiants, et apprentis,Diplômes et examens,Parcours et insertion professionnelle;0;213118;8856;0;0;19.9;115267;795627468;;domain;False
fr-en-aap-snee-ecoles;Appel à projet Socle Numérique dans les Ecoles Elémentaires - par école;dataeducation;2026-01-29;DNE - Ministère de l'Education Nationale;Licence Ouverte v2.0 (Etalab);snee,écoles,plan de relance;Politique éducative (dont éducation prioritaire);0;5725;1375;0;0;4.4;12624;3741068;;domain;False
fr-en-tne_indicateurs_satisfaction_formations;TNE - Indicateurs de satisfaction des formations aux solutions TNE;dataeducation;2026-01-29;Réseau Canopé;Licence Ouverte v2.0 (Etalab);Territoires numériques éducatifs,formation,satisfaction;Enseignements (dont formation, spécialité, langue, sport);0;4046;576;0;0;3.3;6;296;;domain;False
fr-en-assistants_langues_vivantes_etrangeres;Assistants de langues vivantes étrangères - postes offerts;dataeducation;2026-02-02;France Éducation international;Licence Ouverte v2.0 (Etalab);enseignement des langues,mobilité,Assistants,langues étrangères,langues vivantes,mobilité internationale,allemand,anglais,arabe,chinois,espagnol,hébreu,italien,japonais,langue des signes,néerlandais,norvégien,polonais,portugais,russe,tchèque,turque,oral,culture;Enseignements (dont formation, spécialité, langue, sport);0;10318;4371;0;0;6.8;200;17334;;domain;False
fr-en-reconnaissance_diplomes_comparabilite;Reconnaissance de diplômes - Dossiers de comparabilité de dipômes expertisés par le centre ENIC-NARIC France;dataeducation;2026-02-02;France Éducation international;Licence Ouverte v2.0 (Etalab);mobilité internationale,Enseignement supérieur,diplômes académiques,qualifications professionnelles,coopération internationale,reconnaissance;Diplômes et examens;0;12343;3226;0;0;6.6;1186;52631;;domain;False
fr-en-dnma-par-uai-profils;DNMA - Métriques par UAI croisées par les profils;dataeducation;2026-02-05;DNE - Ministère de l'Education Nationale;Licence Ouverte v2.0 (Etalab);ENT,Espace Numérique de Travail,collectivités territoriales,personnels enseignants,personnels non enseignants,personnels administratifs,collèges,lycées,écoles,collégiens,lycéens,écoliers,équipements,matériel,ordinateur,browser,navigateur,smartphone,tablette,ressources numériques éducatives,ressources,médiacentre,vie scolaire,services pédagogiques,DNMA,Dispositif National de Mesure d'Audience;Politique éducative (dont éducation prioritaire);0;18072;4151;0;0;7.8;3049995;842557981;;domain;False
fr-en-dnma-par-uai-services;DNMA - Métriques par UAI croisées par les services;dataeducation;2026-02-05;DNE - Ministère de l'Education Nationale;Licence Ouverte v2.0 (Etalab);ENT,Espace Numérique de Travail,collectivités territoriales,personnels enseignants,personnels non enseignants,personnels administratifs,collèges,lycées,écoles,collégiens,lycéens,écoliers,équipements,matériel,ordinateur,browser,navigateur,smartphone,tablette,ressources numériques éducatives,ressources,médiacentre,vie scolaire,services pédagogiques,DNMA,Dispositif National de Mesure d'Audience;Politique éducative (dont éducation prioritaire);0;17748;3922;0;0;7.7;2249177;1316220285;;domain;False
fr-en-tne_suivi_deploiement_solutions_numeriques_preparation_classe_ecole_inclusive_dept;TNE - Suivi du déploiement des solutions numériques de préparation de la classe et pour l'école inclusive par département;dataeducation;2026-02-05;Réseau Canopé;Licence Ouverte v2.0 (Etalab);Territoires numériques éducatifs,déploiement,suivi;Enseignements (dont formation, spécialité, langue, sport);0;1341;578;0;0;2.5;12;639;;domain;False
fr-en-inserjeunes-cfa-niveau_formation;Inserjeunes Apprentissage par centre de formation d'apprentis (CFA) et niveau de formation CAP à BTS;dataeducation;2026-02-06;DEPP – Ministère en charge de l’éducation nationale;Licence Ouverte v2.0 (Etalab);établissements,formation professionnelle,apprentis,centre de formation d’apprentis,apprentissage,CFA,insertion professionnelle,poursuite d'études,inserjeunes;Elèves, étudiants, et apprentis;0;39180;4905;0;0;10.1;32953;4897955;;domain;False
fr-en-inserjeunes-cfa-formation_fine;Inserjeunes Apprentissage par centre de formation d'apprentis (CFA) et formation fine niveau CAP à BTS;dataeducation;2026-02-06;DEPP – Ministère en charge de l’éducation nationale;Licence Ouverte v2.0 (Etalab);établissements,formation professionnelle,apprentis,centre de formation d’apprentis,apprentissage,CFA,insertion professionnelle,poursuite d'études,inserjeunes;Elèves, étudiants, et apprentis;0;45421;4717;0;0;10.6;115588;22320344;;domain;False
fr-en-effectifs-specialites-doublettes-terminale-generale;Effectifs dans les enseignements de spécialités en Terminale générale;dataeducation;2026-02-06;DEPP – Ministère en charge de l’éducation nationale;Licence Ouverte v2.0 (Etalab);spécialités,effectifs,enseignements,élèves,terminale;Elèves, étudiants, et apprentis;0;822455;12428;0;0;35.2;11264;3734430;;domain;False
fr-en-lycee_pro-effectifs-niveau-sexe-lv;Effectifs d’élèves en lycée professionnel;dataeducation;2026-02-06;DEPP – Ministère en charge de l’éducation nationale;Licence Ouverte v2.0 (Etalab);établissements,élèves,lycées professionnels,langues vivantes;Elèves, étudiants, et apprentis;0;267827;15287;0;0;23.3;13292;4677821;;domain;False
fr-en-indicateurs-valeur-ajoutee-colleges;Indicateurs de valeur ajoutée des collèges;dataeducation;2026-02-06;DEPP – Ministère en charge de l’éducation nationale;Licence Ouverte v2.0 (Etalab);évaluation,acquis,élèves,indicateur de valeur ajoutée,collège,IVAC;Etablissements (dont IPS);0;309686;14969;1586;0;24.5;20053;3544545;;domain;False
fr-en-evaluations_nationales_2de_pro_academie;Résultats consolidés aux évaluations nationales de début de seconde professionnelle par académie;dataeducation;2026-02-06;DEPP – Ministère en charge de l’éducation nationale;Licence Ouverte v2.0 (Etalab);évaluations;Evaluation des élèves;0;3485;874;0;0;3.5;1116;112205;;domain;False
fr-en-annuaire_bde_lycees_pro;Annuaire des bureaux des entreprises des lycées professionnels et polyvalents;dataeducation;2026-02-10;;Licence Ouverte v2.0 (Etalab);annuaire,lycées professionnels,bureau des entreprises;Etablissements (dont IPS),Organisation du système scolaire;0;3240478;7807;0;0;62.7;1955;11047776;;domain;False
fr-en-baccalaureat-par-departement;Réussite au baccalauréat par département;dataeducation;2026-02-17;DEPP – Ministère en charge de l’éducation nationale;Licence Ouverte v2.0 (Etalab);lycée,examen,baccalauréat,département,terminale,second degré,2nd degré,BAC,réussite,candidat;Diplômes et examens;0;481919;2372;0;0;25.0;1818;162570;;domain;False
enjeux-cyber-operation-cactus;Enjeux Cyber Opération Cactus;dataeducation;2026-02-23;DGESCO - Ministère de l'éducation nationale;Licence Ouverte v2.0 (Etalab);Grist;Enseignements (dont formation, spécialité, langue, sport);0;2521;2370;0;0;4.2;684;75692;;domain;False
fr-en-evaluations_nationales_cp_region;Les évaluations nationales Repères CP par région académique;dataeducation;2026-02-24;DEPP – Ministère en charge de l’éducation nationale;Licence Ouverte v2.0 (Etalab);CP,taux de maitrise,français,mathématiques,premier degré,1er degré,région académique,établissement public,établissement privé sous contrat,sexe,évaluations nationales;Evaluation des élèves;0;6931;2899;22;0;5.6;6612;1000051;;domain;False
fr-en-evaluations_nationales_ce1_academie;Les évaluations nationales Repères CE1 par académie;dataeducation;2026-02-24;DEPP – Ministère en charge de l’éducation nationale;Licence Ouverte v2.0 (Etalab);CE1,taux de maitrise,français,mathématiques,premier degré,1er degré,évaluations nationales,académie,établissement public,établissement privé sous contrat,sexe;Evaluation des élèves;0;8397;2414;37;0;5.6;12513;1911705;;domain;False
fr-en-evaluations_nationales_ce2_academie;Les évaluations nationales Repères CE2 par académie;dataeducation;2026-02-24;DEPP – Ministère en charge de l’éducation nationale;Licence Ouverte v2.0 (Etalab);CE2,taux de maitrise,français,mathématiques,premier degré,1er degré,évaluations nationales,académie,établissement public,établissement privé sous contrat,sexe;Evaluation des élèves;0;6123;1065;0;0;4.3;3348;583022;;domain;False
fr-en-evaluations_nationales_cm1_region;Les évaluations nationales Repères CM1 par région académique;dataeducation;2026-02-24;DEPP – Ministère en charge de l’éducation nationale;Licence Ouverte v2.0 (Etalab);CM1,taux de maitrise,français,mathématiques,premier degré,1er degré,évaluations nationales,région académique,établissement public,établissement privé sous contrat,sexe;Evaluation des élèves;0;6204;2510;24;0;5.2;2907;455425;;domain;False
custom-dimension-date-last12-and-period-month-and-iddimension-1;Capytale - Usages académiques;dataeducation;2026-02-25;DNE - Ministère de l'Education Nationale - Académie de Paris;Licence Ouverte v2.0 (Etalab);STIAM,plateforme,commun numérique,ressources numériques pédagogiques;Elèves, étudiants, et apprentis;0;2266;1563;0;0;3.7;1115;115953685;;domain;False
fr-en-agenda-ministre-education-nationale;Agenda du ministre de l’Éducation Nationale;dataeducation;2026-02-25;Délégation à la communication - Ministère de l'Éducation nationale;Licence Ouverte v2.0 (Etalab);agenda,calendrier,Education,ministre,ministère,événements,déplacements;Organisation du système scolaire,Données de référence;0;590149;119772;0;0;43.4;17;2966;;domain;False
fr-en-annuaire-education;Annuaire de l'éducation;dataeducation;2026-02-25;DNE - Ministère de l'Education Nationale;Licence Ouverte v2.0 (Etalab);structures,unités d'enseignement,établissements,écoles,EPLE,public,privé,internat,demi-pension,restauration,cité scolaire,CFA,lycées,collèges,lycées professionnels;Données de référence;0;62405110;373244;0;0;287.2;68935;47432154;;domain;False
fr-en-scores-timss;Étude TIMSS : scores moyens par disciplines et domaines;dataeducation;2016-12-07;DEPP – Ministère en charge de l’éducation nationale;Licence Ouverte v2.0 (Etalab);acquis,élèves,évaluation;Evaluation des élèves;0;32199;6176;1711;0;10.0;72;3866;;domain;False
fr-en-iva-emploi-groupe-specialite;IVA taux d'emploi en fonction du groupe de spécialité - Enquête cessée depuis 2020;dataeducation;2020-07-02;DEPP – Ministère en charge de l’éducation nationale;Licence Ouverte v2.0 (Etalab);établissements,insertion,formation professionnelle,élèves,lycéens,lycée professionnel;Etablissements (dont IPS);0;29200;4870;0;0;9.3;501;43207;;domain;False
fr-en-etic_1d;Enquête ETIC 1er degré – Enquête cessée à partir de 2020;dataeducation;2021-06-30;DEPP – Ministère en charge de l’éducation nationale;Licence Ouverte v2.0 (Etalab);établissements;Etablissements (dont IPS);0;91196;7563;2405;0;14.4;81947;40589663;;domain;False
fr-en-etic_2d;Enquête ETIC 2nd degré – Enquête cessée à partir de 2020;dataeducation;2021-06-30;DEPP – Ministère en charge de l’éducation nationale;Licence Ouverte v2.0 (Etalab);établissements;Etablissements (dont IPS);0;72868;6823;2746;0;13.1;12462;7496255;;domain;False
retours-formulaire-votre-avis-themes-attendus;Retours formulaire - votre avis - Thèmes attendus;dataeducation;2023-04-04;;;;;0;21322;3392;0;0;7.8;0;0;;domain;False
fr-en-ips_ecoles_v2;Indices de position sociale des écoles (2016-2021);dataeducation;2024-05-24;DEPP – Ministère en charge de l’éducation nationale;Licence Ouverte v2.0 (Etalab);élèves,écoles;Etablissements (dont IPS);0;1205465;44030;910;0;46.6;182082;22493704;;domain;False
fr-en-ips-colleges-ap2022;Indices de position sociale dans les collèges (2022);dataeducation;2024-05-24;DEPP – Ministère en charge de l’éducation nationale;Licence Ouverte v2.0 (Etalab);élèves,collèges;Elèves, étudiants, et apprentis;0;646209;35079;528;0;36.0;6973;921223;;domain;False
paris-2024-sites-de-competition;Paris 2024 - Sites de compétition;dataeducation;2024-09-10;Ministère des Sports;Licence Ouverte v2.0 (Etalab);PARIS2024,Site de compétitions des Jeux Olympiques et Paralympiques;Sport, jeunesse et vie associative;0;13520;10337;0;0;9.2;63;11934;;domain;False
paris-2024-lignes-tc-cer;Paris 2024 - Lignes TC CER;dataeducation;2024-10-01;Ministère des Sports;Licence Ouverte v2.0 (Etalab);transport,mobilité,accrédités;Sport, jeunesse et vie associative;0;4645;3247;0;0;5.3;31;145615;;domain;False
paris-2024-voies-olympiques-et-paralympiques;Paris 2024 - Voies Olympiques et Paralympiques;dataeducation;2024-10-01;Ministère des Sports;Licence Ouverte v2.0 (Etalab);transport,mobilité,VROP,ORN,PRN;Sport, jeunesse et vie associative;0;5899;6997;0;0;7.0;2000;927724;;domain;False
paris-2024-parkings-accredites;Paris 2024 - Parkings accrédités;dataeducation;2024-10-01;Ministère des Sports;Licence Ouverte v2.0 (Etalab);transport,mobilté,stationnement;Sport, jeunesse et vie associative;0;5617;6387;0;0;6.7;460;134781;;domain;False
games_map_torch_position;Carte des Jeux - Position de la flamme;dataeducation;2024-10-03;Ministère des Sports;Licence Ouverte v2.0 (Etalab);;Sport, jeunesse et vie associative;0;5793;2486;0;0;5.1;83366;8381858;;domain;False
games_map_road_events_fr;Carte des Jeux - Road Events (FR);dataeducation;2024-10-03;Ministère des Sports;Licence Ouverte v2.0 (Etalab);PARIS2024;Sport, jeunesse et vie associative;0;5135;2782;0;0;5.1;678;2957126;;domain;False
games_map_events_fr;Carte des Jeux - Evènements (FR);dataeducation;2024-10-04;Ministère des Sports;Licence Ouverte v2.0 (Etalab);;Sport, jeunesse et vie associative;0;6893;2409;0;0;5.3;678;2956706;;domain;False
paris-2024-results-medals-oly-eng;Paris 2024 - Résultats des médaillés pour chaque discipline Olympique;dataeducation;2024-10-30;Ministère des Sports;Licence Ouverte v2.0 (Etalab);;Sport, jeunesse et vie associative;0;43961;4220;0;0;10.2;1044;207217;;domain;False
fr-en-remplacement-premier-degre;Le remplacement des professeurs absents dans l'enseignement public du premier degré;dataeducation;2024-11-20;DGRH - Ministère de l'éducation nationale;Licence Ouverte v2.0 (Etalab);remplacement,premier degré,enseignements,ressources humaines;Ressources humaines,Enseignements (dont formation, spécialité, langue, sport),Organisation du système scolaire;0;11313;1793;147;0;5.7;100;6859;;domain;False
fr-en-inserjeunes-lycee_pro-agri-examen;Inserjeunes Voie professionnelle scolaire agricole par établissement relevant du ministère de l'agriculture et par niveau de formation CAPa à BTSA;dataeducation;2025-03-04;DEPP – Ministère en charge de l’éducation nationale;Licence Ouverte v2.0 (Etalab);établissements,formation professionnelle,élèves,lycéens,lycée professionnel,insertion professionnelle,poursuite d'études,inserjeunes;Elèves, étudiants, et apprentis;0;3266;800;0;0;3.4;2768;346015;;domain;False
fr-en-challenge-data;Données du challenge de la donnée 2025;dataeducation;2025-07-04;;;;;0;1318;960;0;1745;2.8;3;1238;;domain;False
fr-en-futurpro-indicateurs-formations;Futur pro - indicateurs formations;dataeducation;2025-12-11;;;;;0;5908;319;0;0;3.4;552;183922;;domain;False
gestionnaire-dacces-aux-ressources-gar-liste_des_ressources-2025;GAR-Liste_des_ressources 2025;dataeducation;2025-12-16;;;;;0;7467;463;0;0;3.9;15497;2209244;;domain;False
futurpro-isochrones;futurpro Isochrones;dataeducation;2026-01-29;;;hors catalogue;;0;3323;13467;0;0;8.1;2792088;3308636037;;domain;False
fr-en-academies-ep;Académies Education Prioritaire;dataeducation;2026-01-29;DGESCO - Ministère de l'éducation nationale;Licence Ouverte v2.0 (Etalab);éducation prioritaire,école,élèves,établissement,REP,REP+;Politique éducative (dont éducation prioritaire);0;57357;5600;0;0;11.7;1658;699264;;domain;False
fr-en-colleges-ep;Collèges éducation prioritaire;dataeducation;2026-01-29;DGESCO - Ministère de l'éducation nationale;Licence Ouverte v2.0 (Etalab);éducation prioritaire,établissement,école,élèves,REP,REP+;Etablissements (dont IPS),Politique éducative (dont éducation prioritaire);0;432003;10332;0;0;26.6;47552;20875567;;domain;False
fr-en-concours_personnel_enseignant_premier_degre_public;Concours de recrutement de personnels enseignants du 1er degré public;dataeducation;2026-01-29;DGRH - Ministère de l'éducation nationale;Licence Ouverte v2.0 (Etalab);ressources humaines;Ressources humaines;0;23184;4950;19;0;8.7;47;5042;;domain;False
fr-en-concours_personnel_enseignant_premier_degre_prive;Concours de recrutement de personnels enseignants du 1er degré privé;dataeducation;2026-01-29;DGRH - Ministère de l'éducation nationale;Licence Ouverte v2.0 (Etalab);ressources humaines;Ressources humaines;0;17143;3878;10;0;7.6;54;4212;;domain;False
fr-en-dix-plus-hautes-remunerations;Dix plus hautes rémunérations;dataeducation;2026-01-29;DAF - Ministère de l'Éducation nationale;Licence Ouverte v2.0 (Etalab);rémunérations;Finances et droit;0;118944;7076;0;0;15.6;7;1613;;domain;False
fr-en-taux-de-pression-et-demploi;Taux de pression et d'emploi pour les diplômes de la voie professionnelle;dataeducation;2026-01-29;DGESCO - Ministère de l'éducation nationale;Licence Ouverte v2.0 (Etalab);insertion,taux pression,formation professionnelle,voie professionnelle;Diplômes et examens,Parcours et insertion professionnelle;0;118343;6701;0;0;15.5;185;53761;;domain;False
fr-en-ecoles-labellisees-30-minutes-d-activite-physique-quotidienne-30-apq;"Ecoles labellisées ""30 minutes d'activité physique quotidienne"" (30'APQ)";dataeducation;2026-01-29;DGESCO - Ministère de l'éducation nationale;Licence Ouverte v2.0 (Etalab);sport,jeux olympiques,label;Elèves, étudiants, et apprentis,Etablissements (dont IPS),Politique éducative (dont éducation prioritaire);0;398119;7185;0;0;24.9;9211;5157716;;domain;False
fr-en-pix_certification_pix_inscription_et_passation_par_eple;Pix - Nombre de sessions et certifications de profil Pix par établissement;dataeducation;2026-01-29;Groupement d’intérêt public « Pix »;Licence Ouverte v2.0 (Etalab);collèges,lycées;Elèves, étudiants, et apprentis;0;150876;5699;0;0;16.6;32949;7765738;;domain;False
fr-en-tcf_inscrits_centres;TCF (Test de connaissance du français) - inscrits par centres de passation;dataeducation;2026-01-29;France Éducation international;Licence Ouverte v2.0 (Etalab);certification,langue française,expression écrite,expression orale,communication écrite,communication orale,structure de la langue,test de langue;Evaluation des élèves;0;10836;3300;0;0;6.4;4148;500446;;domain;False
fr-en-carto-pro-capacites;Attractivité dans la voie professionnelle;dataeducation;2026-02-02;DGESCO - Ministère de l'éducation nationale;Licence Ouverte v2.0 (Etalab);voie professionnelle,capacité,demande,attractivité,formation professionnelle;Elèves, étudiants, et apprentis;0;257218;6726;0;0;20.7;7208;332731834;;domain;False
fr-en-etablissements-labellises-generation-2024;"Établissements labellisés ""génération 2024""";dataeducation;2026-02-02;DGESCO - Ministère de l'éducation nationale;Licence Ouverte v2.0 (Etalab);sport,jeux olympiques,label;Etablissements (dont IPS),Organisation du système scolaire;0;6443076;20106;0;0;89.4;11221;5883786;;domain;False
fr-en-hybridation_lycees_par_collectivite;Hybridation de l’enseignement en lycée - par collectivité;dataeducation;2026-02-02;DNE - Ministère de l'Education Nationale;Licence Ouverte v2.0 (Etalab);hybridation,lycée,plan de relance;Politique éducative (dont éducation prioritaire);0;6134;1538;0;0;4.6;19;213539;;domain;False
fr-en-eleves-par-niveaux-timss;Étude TIMSS : proportion d'élèves par niveau;dataeducation;2016-12-08;DEPP – Ministère en charge de l’éducation nationale;Licence Ouverte v2.0 (Etalab);évaluation,élèves,acquis;Evaluation des élèves;0;29761;4411;0;0;9.1;24;1286;;domain;False
fr-en-dnma-par-uai-appareils;DNMA - Métriques par UAI croisées par les appareils (types d'appareils, navigateurs, systèmes d'exploitation);dataeducation;2026-02-05;DNE - Ministère de l'Education Nationale;Licence Ouverte v2.0 (Etalab);ENT,Espace Numérique de Travail,collectivités territoriales,personnels enseignants,personnels non enseignants,personnels administratifs,collèges,lycées,écoles,collégiens,lycéens,écoliers,équipements,matériel,ordinateur,browser,navigateur,smartphone,tablette,ressources numériques éducatives,ressources,médiacentre,vie scolaire,services pédagogiques,DNMA,Dispositif National de Mesure d'Audience;Politique éducative (dont éducation prioritaire);0;40137;3965;0;0;9.8;3035822;1688707887;;domain;False
fr-en-taille-colleges-lycees;Taille des collèges et des lycées;dataeducation;2018-03-26;Ministère de l'Éducation nationale;Licence Ouverte v2.0 (Etalab);structure,établissements,EPLE,collège,lycée,caractérisation,nombre d'élèves,taille;Elèves, étudiants, et apprentis,Etablissements (dont IPS);0;301951;10361;0;0;23.2;344;37002;;domain;False
fr-en-tne_suivi_deploiement_solutions_numeriques_dept;TNE - Suivi du déploiement des solutions numériques par département;dataeducation;2026-02-05;Réseau Canopé;Licence Ouverte v2.0 (Etalab);Territoires numériques éducatifs,déploiement,suivi;Enseignements (dont formation, spécialité, langue, sport);0;2962;590;0;0;3.1;12;639;;domain;False
fr-en-ipa-emploi-groupe-specialite;IPA taux d'emploi en fonction du groupe de spécialité – Enquête cessée depuis 2020;dataeducation;2020-07-02;DEPP – Ministère en charge de l’éducation nationale;Licence Ouverte v2.0 (Etalab);établissements,insertion,formation professionnelle,élèves,apprentis,centre de formation d’apprentis,apprentissage,CFA;Etablissements (dont IPS);0;29075;6091;0;0;9.7;537;54068;;domain;False
retours-formulaire-votre-avis-copie;Retours formulaire - votre avis - Analyse;dataeducation;2023-03-01;;;;;0;48343;3817;0;0;10.4;176;36057;;domain;False
fr-en-dataes-types-d-equipement;Data ES - Types d'équipement;dataeducation;2023-09-04;Ministère des Sports;LICENCE OUVERTE 2.0;DataES,Equipements,Sport,Référence;Références;0;8938;2782;0;0;5.9;183;12267;;domain;True
fr-en-inserjeunes-lycee_pro-formation-fine;Inserjeunes Voie professionnelle scolaire par établissement relevant du ministère de l'éducation nationale et formation fine;dataeducation;2026-02-06;DEPP – Ministère en charge de l’éducation nationale;Licence Ouverte v2.0 (Etalab);établissements,formation professionnelle,élèves,lycéens,lycée professionnel,insertion professionnelle,poursuite d'études,inserjeunes;Elèves, étudiants, et apprentis;0;67488;5044;0;0;12.2;132097;28403013;;domain;False
paris-2024-faq;Paris 2024 - FAQ;dataeducation;2023-12-08;Ministère des Sports;Licence Ouverte v2.0 (Etalab);FAQ,PARIS2024;Sport, jeunesse et vie associative;0;4492;4123;0;0;5.6;949;746471;;domain;False
fr-en-cap-par-departement;Candidat au CAP par département et sexe;dataeducation;2026-02-06;DEPP – Ministère en charge de l’éducation nationale;Licence Ouverte v2.0 (Etalab);CAP,département,genre,certificat d'aptitude professionnelle,taux de réussite,sexe;Diplômes et examens;0;5232;1297;0;0;4.3;405;29876;;domain;False
paris-2024-centres-de-preparation-aux-jeux;Paris 2024 - Centres de préparation aux Jeux;dataeducation;2024-02-05;Ministère des Sports;Licence Ouverte v2.0 (Etalab);;Sport, jeunesse et vie associative;0;4965;3462;0;0;5.4;3000;75674748;;domain;False
fr-en-evaluations_nationales_cm2_departement;Les évaluations nationales Repères CM2 par département;dataeducation;2026-02-06;DEPP – Ministère en charge de l’éducation nationale;Licence Ouverte v2.0 (Etalab);Évaluations,CM2,taux de maitrise,français,mathématiques;Evaluation des élèves;0;8054;1080;0;0;4.7;4896;718278;;domain;False
fr-en-dnb-par-etablissement;Diplôme national du brevet par établissement;dataeducation;2026-02-06;DEPP – Ministère en charge de l’éducation nationale;Licence Ouverte v2.0 (Etalab);diplôme national du brevet,DNB,résultats scolaires,taux de réussite,examens;Diplômes et examens;0;2215190;48142;0;0;59.7;139580;23062171;;domain;False
fr-en-indicateurs-de-resultat-des-lycees-gt_v2;Indicateurs de valeur ajoutée des lycées d'enseignement général et technologique;dataeducation;2026-02-06;DEPP – Ministère en charge de l’éducation nationale;Licence Ouverte v2.0 (Etalab);évaluation,acquis,élèves,enseignement professionnel,lycée,IVAL;Etablissements (dont IPS);0;149599;6927;0;0;16.9;30139;7833261;;domain;False
paris-2024-lignes-para-ta;Paris 2024 - Lignes PARA TA;dataeducation;2024-10-01;Ministère des Sports;Licence Ouverte v2.0 (Etalab);transport,mobilité,accrédités,athlètes;Sport, jeunesse et vie associative;0;4513;2896;0;0;5.1;119;1472807;;domain;False
fr-en-indicateurs-de-resultat-des-lycees-pro_v2;Indicateurs de valeur ajoutée des lycées d'enseignement professionnel;dataeducation;2026-02-06;DEPP – Ministère en charge de l’éducation nationale;Licence Ouverte v2.0 (Etalab);évaluation,acquis,élèves,enseignement professionnel,lycée,IVAL;Etablissements (dont IPS);0;33112;2559;0;0;8.6;26244;7133657;;domain;False
paris-2024-lignes-chc;Paris 2024 - Lignes CHC;dataeducation;2024-10-01;Ministère des Sports;Licence Ouverte v2.0 (Etalab);transport,mobilité,accrédités;Sport, jeunesse et vie associative;0;5173;2374;0;0;4.9;338;4615774;;domain;False
fr-en-evaluations_nationales_cm2_academie;Les évaluations nationales Repères CM2 par académie;dataeducation;2026-02-06;DEPP – Ministère en charge de l’éducation nationale;Licence Ouverte v2.0 (Etalab);Évaluations,CM2,taux de maitrise,français,mathématiques;Evaluation des élèves;0;7267;1045;0;0;4.5;1488;157784;;domain;False
paris-2024-lignes-oly-dds;Paris 2024 - Lignes OLY DDS;dataeducation;2024-10-01;Ministère des Sports;Licence Ouverte v2.0 (Etalab);mobilité,transport,accrédités,DDS,OBS;Sport, jeunesse et vie associative;0;5047;3071;0;0;5.3;314;2420937;;domain;False
fr-en-evaluations_nationales_2degt_region;Résultats consolidés aux évaluations nationales de début de seconde générale et technologique par région académique;dataeducation;2026-02-06;DEPP – Ministère en charge de l’éducation nationale;Licence Ouverte v2.0 (Etalab);évaluations,seconde,scores,groupe;Evaluation des élèves;0;3935;833;0;0;3.6;684;73344;;domain;False
paris-2024-lignes-para-tc;Paris 2024 - Lignes PARA TC;dataeducation;2024-10-01;Ministère des Sports;Licence Ouverte v2.0 (Etalab);transport,workforce,accrédités,mobilité;Sport, jeunesse et vie associative;0;5325;2839;0;0;5.2;135;2018089;;domain;False
fr-en-lycee_gt-effectifs-niveau-sexe-lv;Effectifs d’élèves en lycée d'enseignement général et technologique;dataeducation;2026-02-06;DEPP – Ministère en charge de l’éducation nationale;Licence Ouverte v2.0 (Etalab);établissements,lycée,élèves,langues vivantes;Elèves, étudiants, et apprentis;0;430342;31707;0;0;30.7;15137;8011235;;domain;False
fr-en-internats;Annuaire des internats;dataeducation;2025-03-24;DNE - Ministère de l'Education Nationale;;établissement,privé,public,internat;Etablissements (dont IPS);0;41597;2772;0;0;9.4;4661;1600922;;domain;False
fr-en-ips-erea-ap2022;Indices de position sociale des EREA (à partir de 2022);dataeducation;2026-02-06;DEPP – Ministère en charge de l’éducation nationale;Licence Ouverte v2.0 (Etalab);élèves,EREA,IPS;Etablissements (dont IPS);0;27317;11384;716;0;11.1;233;58442;;domain;False
fr-en-evaluations_nationales_6eme_departement;Résultats aux évaluations nationales de début de sixième par département;dataeducation;2026-02-06;DEPP – Ministère en charge de l’éducation nationale;Licence Ouverte v2.0 (Etalab);Évaluations,sixième,scores,groupe;Evaluation des élèves;0;22786;4651;0;0;8.5;4896;717072;;domain;False
fr-en-espaces-services-jeunesse;Espaces services jeunesse;dataeducation;2025-09-09;DGESCO - Ministère de l'éducation nationale;Licence Ouverte v2.0 (Etalab);;;0;15208;789;0;0;5.5;17;4339;;domain;False
fr-en-ips-ecoles-ap2022;Indices de position sociale des écoles (à partir de 2022);dataeducation;2026-02-06;DEPP – Ministère en charge de l’éducation nationale;Licence Ouverte v2.0 (Etalab);élèves,écoles,IPS;Etablissements (dont IPS);0;4097911;71441;3075;0;79.6;97080;22448277;;domain;False
fr-en-ips-lycees-ap2023;Indices de position sociale des lycées (à partir de 2023);dataeducation;2026-02-06;DEPP – Ministère en charge de l’éducation nationale;Licence Ouverte v2.0 (Etalab);élèves,lycées,IPS;Etablissements (dont IPS);0;600613;15482;0;0;31.6;7243;2689797;;domain;False
fr-en-lits-internats-publics-2d;Nombre de lits dans les internats des établissements publics du second degré;dataeducation;2026-02-06;DEPP – Ministère en charge de l’éducation nationale;Licence Ouverte v2.0 (Etalab);internat,lits,collège,lycée,EREA;Etablissements (dont IPS);0;7834;2149;0;0;5.3;1623;268863;;domain;False
fr-en-evaluations_nationales_mi_cp_academie;Les évaluations nationales Repères de mi-CP par académie;dataeducation;2026-02-10;DEPP – Ministère en charge de l’éducation nationale;Licence Ouverte v2.0 (Etalab);Évaluations,mi-CP,taux de maitrise,mathématiques,français;Evaluation des élèves;0;2312;593;8;0;2.9;7771;764677;;domain;False
fr-en-sport-etudes;Implantation des sections Sport-Etudes;dataeducation;2026-02-12;DGESCO - Ministère de l'éducation nationale;Licence Ouverte v2.0 (Etalab);;Enseignements (dont formation, spécialité, langue, sport),Sport, jeunesse et vie associative;0;93714;1478;0;0;11.9;486;197854;;domain;False
fr-esr-parcoursup;Parcoursup 2025 - vœux de poursuite d'études et de réorientation dans l'enseignement supérieur et réponses des établissements;dataeducation;2026-01-19;Ministère en charge de l'Enseignement supérieur et de la Recherche > Sous-Direction des systèmes d'information et des études statistiques (SIES) > Département des études statistiques sur l'enseignement supérieur;Licence Ouverte v2.0 (Etalab);éducation,orientation,enseignement supérieur,étudiants,formations,formation,parcoursup,STS,CPGE,licence,UAI,boursiers,boursier,endo-recrutement,rang,admis,admissibles,places,voeux,demande,offre,établissement,établissements,capacité,propositions,proposition,vœu,vœux,voeu,BTS,école de commerce,CPGE intégrée à l'université,DEUST,DCG,BUT,L.AS,PASS;Enseignement supérieur,Formations et diplômes,Parcours et réussite,Établissement d'enseignement supérieur,Statistiques;0;266413;23547;10479;0;24.9;14252;14635019;;domain;True
fr-en-dnb-par-departement;Candidats au DNB par département, série et sexe;dataeducation;2026-02-17;DEPP – Ministère en charge de l’éducation nationale;Licence Ouverte v2.0 (Etalab);troisième,second degré,2nd degré,DNB,diplôme national brevet,examen,taux réussite,candidat,résultat scolaire,sexe,collège,département;Diplômes et examens;0;17563;1537;0;0;6.4;1212;143132;;domain;False
fr-en-concours_recrutement_personnel_enseignant_second_degre_prive;Concours de recrutement de personnels enseignants du 2nd degré privé;dataeducation;2026-01-29;DGRH - Ministère de l'éducation nationale;Licence Ouverte v2.0 (Etalab);ressources humaines;Ressources humaines;0;18013;3904;9;0;7.7;85;6096;;domain;False
liste-des-actifs-de-donnees;Liste des actifs de données;dataeducation;2026-02-17;AMDAC;;;Données de référence;0;6595;101;0;0;3.2;361;687635;;domain;False
fr-en-sections-sportives-scolaires;Sections Sportives Scolaires;dataeducation;2026-02-18;DGESCO - Ministère de l'éducation nationale;Licence Ouverte v2.0 (Etalab);sport;Enseignements (dont formation, spécialité, langue, sport),Etablissements (dont IPS),Organisation du système scolaire,Sport, jeunesse et vie associative;0;1096;289;0;0;2.0;2763;1196728;;domain;False
fr-en-organisation-du-temps-scolaire;Organisation du temps scolaire;dataeducation;2026-01-29;DGESCO - Ministère de l'éducation nationale;Licence Ouverte v2.0 (Etalab);rythme,élèves,école,PEDT,activités péri-éducatives,horaires;Etablissements (dont IPS),Politique éducative (dont éducation prioritaire),Organisation du système scolaire;0;425967;14884;0;0;27.6;113293;43937363;;domain;False
fr-en-actions-educatives-culturelles;Actions éducatives et culturelles;dataeducation;2026-01-29;Ministère de l'Éducation nationale;Licence Ouverte v2.0 (Etalab);élèves,actions,partenaires,opération,concours,jour(s) dédié(s);Elèves, étudiants, et apprentis,Politique éducative (dont éducation prioritaire);0;31416;4516;0;0;9.3;230;152305;;domain;False
fr-en-complements-programmes-second-degre;Compléments aux programmes d'enseignement du second degré;dataeducation;2026-01-29;DGESCO - Ministère de l'éducation nationale;Licence Ouverte v2.0 (Etalab);programmes d'enseignement;Enseignements (dont formation, spécialité, langue, sport),Politique éducative (dont éducation prioritaire);0;19995;4528;0;0;8.2;14;5564;;domain;False
fr-en-boursiers-par-departement;Boursiers par département;dataeducation;2026-01-29;DGESCO - Ministère de l'éducation nationale;Licence Ouverte v2.0 (Etalab);nombre d'élèves,privé,public,lycée professionnel,lycée général et technologique,collèges;Elèves, étudiants, et apprentis;0;50398;7634;0;0;11.9;983;68301;;domain;False
fr-en-contour-academies-2020;Contour académies 2020;dataeducation;2026-01-29;DGESCO - Ministère de l'éducation nationale;Licence Ouverte v2.0 (Etalab);carte,académies;Organisation du système scolaire,Données de référence;0;134597;113442;0;0;29.9;30;1336861;;domain;False
fr-en-evaluations_nationales_ce1_region;Les évaluations nationales Repères CE1 par région académique;dataeducation;2026-02-24;DEPP – Ministère en charge de l’éducation nationale;Licence Ouverte v2.0 (Etalab);CE1,taux de maitrise,français,mathématiques,premier degré,1er degré,évaluations nationales,région académique,établissement public,établissement privé sous contrat,sexe;Evaluation des élèves;0;7039;2571;25;0;5.4;7638;1061837;;domain;False
fr-en-evaluations_nationales_ce2_departement;Les évaluations nationales Repères CE2 par département;dataeducation;2026-02-24;DEPP – Ministère en charge de l’éducation nationale;Licence Ouverte v2.0 (Etalab);CE2,taux de maitrise,français,mathématiques,premier degré,1er degré,évaluations nationales,département,établissement public,établissement privé sous contrat,sexe;Evaluation des élèves;0;5183;1140;0;0;4.1;11016;2123672;;domain;False
capytale-nombre-de-visite;Capytale nombre de visites sur la plateforme;dataeducation;2026-02-25;DNE - Ministère de l'Education Nationale - Académie de Paris;Licence Ouverte v2.0 (Etalab);STIAM,plateforme,ressources numériques pédagogiques,commun numérique;Elèves, étudiants, et apprentis;0;1032;664;0;0;2.4;36;102054;;domain;False
fr-en-adresse-et-geolocalisation-etablissements-premier-et-second-degre;Adresse et géolocalisation des établissements d'enseignement des premier et second degrés;dataeducation;2026-02-25;DEPP – Ministère en charge de l’éducation nationale;Licence Ouverte v2.0 (Etalab);structures,unités d'enseignement,établissements,écoles,EPLE,public,privé,lycées,collèges,lycées professionnels;Données de référence;0;21201143;311824;0;0;178.3;63938;35084331;;domain;False
fr-en-deploiemement_tedi;TED-i : déploiement des robots de télé-présence destinés aux élèves hospitalisés;dataeducation;2026-02-25;DNE - Ministère de l'Education Nationale;Licence Ouverte v2.0 (Etalab);robots,téléprésence;Etablissements (dont IPS);0;188086;11584;0;0;19.8;3203;674378;;domain;False
fr-en-pix_participations_aux_campagnes_par_etablissement_sans_collecte_de_profil;Pix - Participations aux campagnes d'évaluation (parcours) par établissement;dataeducation;2026-01-29;Groupement d’intérêt public « Pix »;Licence Ouverte v2.0 (Etalab);collèges,lycées;Elèves, étudiants, et apprentis;0;438038;4802;0;0;25.0;31103;7177129;;domain;False
fr-en-pix_certifications_par_classes;Pix - Nombre de participations aux sessions de certification de profils Pix par classe et établissement;dataeducation;2026-01-29;Groupement d’intérêt public « Pix »;Licence Ouverte v2.0 (Etalab);collèges,lycées;Elèves, étudiants, et apprentis;0;28300;5112;0;0;9.3;55881;13692719;;domain;False
fr-en-carto-acc-sensoriel;Données de l'accompagnement à la déficience sensorielle;dataeducation;2026-01-29;DGESCO - Ministère de l'éducation nationale;Licence Ouverte v2.0 (Etalab);;Etablissements (dont IPS),Organisation du système scolaire,Enseignements (dont formation, spécialité, langue, sport);0;180430;1589;0;0;15.8;307;94214;;domain;False
fr-en-delf-dalf_inscrits_centres;DELF-DALF (Diplôme d'études en langue française et Diplôme approfondi de langue française) - inscrits par centres de passation;dataeducation;2026-01-29;France Éducation international;Licence Ouverte v2.0 (Etalab);certification,langue française,expression écrite,expression orale,communication écrite,communication orale,diplôme;Diplômes et examens;0;10943;3638;0;0;6.6;23648;2437850;;domain;False
fr-en-hybridation_lycees_par_lycee;Hybridation de l’enseignement en lycée - par lycée;dataeducation;2026-01-29;DNE - Ministère de l'Education Nationale;Licence Ouverte v2.0 (Etalab);hybridation,collectivités,plan de relance;Politique éducative (dont éducation prioritaire);0;4425;1305;0;0;4.1;1713;421412;;domain;False
fr-en-ulis-tfv;Implantation des ULIS-TFV;dataeducation;2026-01-29;;;;;0;370241;1329;0;0;21.6;52;17358;;domain;False
fr-en-pix_participations_aux_campagnes_par_profil_cible_et_mef_code;Pix - Participations aux campagnes de parcours de rentrée par profil cible de parcours de rentrée et MEF Code;dataeducation;2026-01-30;Groupement d’intérêt public « Pix »;Licence Ouverte v2.0 (Etalab);collèges,lycées;Elèves, étudiants, et apprentis;0;40283;4490;0;0;10.1;288507;89726888;;domain;False
fr-en-tne_suivi_audiences;TNE - Indicateurs de suivi d'audience de la plateforme TNE;dataeducation;2026-01-31;Réseau Canopé;Licence Ouverte v2.0 (Etalab);Territoires numériques éducatifs,audiences;Enseignements (dont formation, spécialité, langue, sport);0;11020;552;0;0;4.6;50;5628;;domain;False
futurpro_familles_metiers;futurpro_familles_metiers;dataeducation;2026-02-03;;;;;0;9849;172;0;0;3.9;35205;12408110;;domain;False
fr-en-tne_suivi_deploiement_solutions_numeriques_2d_dept;TNE - Suivi du déploiement des solutions numériques 2nd degré par département;dataeducation;2026-02-05;Réseau Canopé;Licence Ouverte v2.0 (Etalab);Territoires numériques éducatifs,déploiement,suivi;Enseignements (dont formation, spécialité, langue, sport);0;1277;623;0;0;2.5;12;639;;domain;False
fr-en-inserjeunes-lycee_pro;Inserjeunes Voie professionnelle scolaire par établissement relevant du ministère de l'éducation nationale;dataeducation;2026-02-06;DEPP – Ministère en charge de l’éducation nationale;Licence Ouverte v2.0 (Etalab);établissements,formation professionnelle,élèves,lycéens,lycée professionnel,insertion professionnelle,poursuite d'études,inserjeunes;Elèves, étudiants, et apprentis;0;51196;5341;0;0;11.2;30944;5690953;;domain;False
fr-en-effectifs-specialites-triplettes-1ere-generale;Effectifs dans les enseignements de spécialités en Première générale;dataeducation;2026-02-06;DEPP – Ministère en charge de l’éducation nationale;Licence Ouverte v2.0 (Etalab);spécialités,première générale,effectifs,enseignements,élèves;Elèves, étudiants, et apprentis;0;832857;13380;0;0;35.6;9059;3053506;;domain;False
fr-en-evaluations_nationales_2de_pro_departement;Résultats consolidés aux évaluations nationales de début de seconde professionnelle par département;dataeducation;2026-02-06;DEPP – Ministère en charge de l’éducation nationale;Licence Ouverte v2.0 (Etalab);évaluations,seconde,scores,groupe;Evaluation des élèves;0;3817;1140;0;0;3.8;3672;502314;;domain;False
fr-en-evaluations_nationales_2degt_departement;Résultats consolidés aux évaluations nationales de début de seconde générale et technologique par département;dataeducation;2026-02-06;DEPP – Ministère en charge de l’éducation nationale;Licence Ouverte v2.0 (Etalab);évaluations,seconde,scores,groupe;Evaluation des élèves;0;4806;1096;0;0;4.0;3672;510636;;domain;False
fr-en-evaluations_nationales_cm2_region;Les évaluations nationales Repères CM2 par région académique;dataeducation;2026-02-06;DEPP – Ministère en charge de l’éducation nationale;Licence Ouverte v2.0 (Etalab);Évaluations,CM2,taux de maitrise,français,mathématiques;Evaluation des élèves;0;3829;1171;0;0;3.8;912;98387;;domain;False
fr-en-indice_eloignement_lycee_ap2020;Indice d'éloignement des lycées;dataeducation;2026-02-06;DEPP – Ministère en charge de l’éducation nationale;Licence Ouverte v2.0 (Etalab);indice d'éloignement lycée,éloignement,lycée,territoire;Etablissements (dont IPS);0;17278;3543;0;0;7.4;21075;2937542;;domain;False
fr-en-evaluations_nationales_6eme_region;Résultats aux évaluations nationales de début de sixième par région;dataeducation;2026-02-06;DEPP – Ministère en charge de l’éducation nationale;Licence Ouverte v2.0 (Etalab);Évaluations,sixième,scores,groupe;Evaluation des élèves;0;24480;4356;0;0;8.6;912;100099;;domain;False
fr-en-evaluations_nationales_4eme_region;Résultats aux évaluations nationales de début de quatrième par région;dataeducation;2026-02-06;DEPP – Ministère en charge de l’éducation nationale;Licence Ouverte v2.0 (Etalab);Évaluations,quatrième,scores,groupe;Evaluation des élèves;0;9174;4385;0;0;6.6;228;25096;;domain;False
fr-en-evaluations_nationales_4eme_academie;Résultats aux évaluations nationales de début de quatrième par académie;dataeducation;2026-02-06;DEPP – Ministère en charge de l’éducation nationale;Licence Ouverte v2.0 (Etalab);Évaluations,quatrième,scores,groupe;Evaluation des élèves;0;11539;3583;0;0;6.7;372;39389;;domain;False
fr-en-evaluations_nationales_6eme_par_etablissement;Résultats consolidés aux évaluations nationales de début de sixième par établissement;dataeducation;2026-02-06;DEPP – Ministère en charge de l’éducation nationale;Licence Ouverte v2.0 (Etalab);Évaluations,sixième,scores,groupe;Evaluation des élèves;0;17137;1500;0;0;6.3;328247;52921857;;domain;False
fr-en-dnb-par-sexe-et-par-serie;Diplôme national du brevet par sexe et par série;dataeducation;2026-02-17;DEPP – Ministère en charge de l’éducation nationale;Licence Ouverte v2.0 (Etalab);troisième,second degré,2nd degré,diplôme national brevet,DNB,résultat scolaire,examen,taux réussite,candidat,sexe,collège;Diplômes et examens;0;60478;6944;0;0;12.4;16;824;;domain;False
fr-en-reussite-au-baccalaureat-origine-sociale;Réussite au baccalauréat selon l’origine sociale;dataeducation;2026-02-17;DEPP – Ministère en charge de l’éducation nationale;Licence Ouverte v2.0 (Etalab);terminale,second degré,2nd degré,BAC,baccalauréat,examen,taux de réussite,origine sociale,candidat,cohorte,national;Diplômes et examens;0;283359;29392;0;0;26.4;348;30856;;domain;False
fr-en-baccalaureat-par-academie;Le baccalauréat par académie;dataeducation;2026-02-17;DEPP – Ministère en charge de l’éducation nationale;Licence Ouverte v2.0 (Etalab);lycée,examen,baccalauréat,terminale,second degré,2nd degré,BAC,réussite,candidat,académie;Diplômes et examens;0;140241;23575;0;0;20.3;43217;6749617;;domain;False
fr-en-etablissements-labellises-generation-2030;"Établissements labellisés ""génération 2030""";dataeducation;2026-02-19;DGESCO - Ministère de l'éducation nationale;Licence Ouverte v2.0 (Etalab);sport,jeux olympiques,label;Etablissements (dont IPS),Organisation du système scolaire;0;8202;718;0;0;4.4;11096;6049272;;domain;False
fr-en-statistiques_usage_forge_des_communs_numeriques;Statistiques d'usage de la forge des communs numériques;dataeducation;2026-02-19;DNE - Ministère de l'Education Nationale;Licence Ouverte v2.0 (Etalab);communs numériques,numérique éducatif;Politique éducative (dont éducation prioritaire);0;11168;4153;0;0;6.9;1005;22700;;domain;False
fr-en-lycees-metiers;Lycées des métiers;dataeducation;2026-02-20;DGESCO - Ministère de l'éducation nationale;Licence Ouverte v2.0 (Etalab);;Etablissements (dont IPS);0;20765;1106;0;0;6.4;854;430380;;domain;False
fr-en-colos-aprenantes;Colos apprenantes;dataeducation;2026-02-21;DGESCO - Ministère de l'éducation nationale;Licence Ouverte v2.0 (Etalab);colonie de vacances,apprenant;Sport, jeunesse et vie associative;0;9772;2645;0;0;5.9;33535;322727114;;domain;False
recensement-operation-cactus;Recensement Opération Cactus;dataeducation;2026-02-23;DGESCO - Ministère de l'éducation nationale;Licence Ouverte v2.0 (Etalab);Grist;Enseignements (dont formation, spécialité, langue, sport);0;8929;4127;0;0;6.5;905;486848;;domain;False
fr-en-data-es-base-de-donnees;Data ES - Recensement des équipements sportifs et lieux de pratique (Complet);dataeducation;2026-02-24;Ministère des Sports;LICENCE OUVERTE 2.0;Sport,DataES,Equipements;Sports;0;135960;8035;0;0;16.7;333866;386150268;;domain;True
fr-en-evaluations_nationales_cp_academie;Les évaluations nationales Repères CP par académie;dataeducation;2026-02-24;DEPP – Ministère en charge de l’éducation nationale;Licence Ouverte v2.0 (Etalab);CP,taux de maitrise,mathématiques,français,évaluations nationales,premier degré,1er degré,académie,établissement public,établissement privé sous contrat,sexe;Evaluation des élèves;0;12376;2796;50;0;6.4;10831;1820642;;domain;False
fr-en-evaluations_nationales_ce2_region;Les évaluations nationales Repères CE2 par région académique;dataeducation;2026-02-24;DEPP – Ministère en charge de l’éducation nationale;Licence Ouverte v2.0 (Etalab);CE2,taux de maitrise,français,mathématiques,premier degré,1er degré,évaluations nationales,région académique,établissement public,établissement privé sous contrat,sexe;Evaluation des élèves;0;4375;1082;0;0;3.9;1998;313613;;domain;False
fr-en-evaluations_nationales_cm1_departement;Les évaluations nationales Repères CM1 par département;dataeducation;2026-02-24;DEPP – Ministère en charge de l’éducation nationale;Licence Ouverte v2.0 (Etalab);CM1,taux de maitrise,français,mathématiques,premier degré,1er degré,évaluations nationales,département,établissement public,établissement privé sous contrat,sexe;Evaluation des élèves;0;9146;2571;24;0;5.8;15606;3005218;;domain;False
assistant-ia-dinum-deploiement-au-ministere-de-leducation-nationale-en-academie;assistant-ia-dinum-deploiement-au-ministere-de-leducation-nationale-en-academie;dataeducation;2026-02-25;DNE DSP - Ministère de l'Education Nationale;Licence Ouverte v2.0 (Etalab);intelligence artificielle,outils,numérique,DINUM,Expérimentation;Personnels de l'éducation nationale;0;2322;2840;0;0;4.4;32;4640;;domain;False
formulaire-plan-d-action-creation-suivi-de-projet;Formulaire plan d'action - création suivi de projet;dataeducation;2026-02-25;DNE - Ministère de l'Education Nationale;Licence Ouverte v2.0 (Etalab);plan d'action;Politique éducative (dont éducation prioritaire);0;79076;7687;0;0;13.8;104;193864;;domain;False
fr-en-cites_scolaires;Liste des cités scolaires;dataeducation;2026-02-25;Ministère de l'Éducation nationale;Licence Ouverte v2.0 (Etalab);cité scolaire,établissements,structures,lycées,collèges,écoles;Etablissements (dont IPS);0;84219;13909;0;0;15.7;1747;648467;;domain;False
fr-en-formations_diplomes;Codification des diplômes et certifications préparés par la voie de l’apprentissage;dataeducation;2026-02-25;DEPP – Ministère en charge de l’éducation nationale;Licence Ouverte v2.0 (Etalab);nomenclature,codification,diplôme,certification,apprentissage;Données de référence;0;17793;6376;0;0;8.6;3672;596531;;domain;False
